Gene,Blinded.ID,Cardiac.Category,NDD,CHR,POS,REF,ALT,pLI.Score,norm_mutperkb,specificity_score,phyloP,mult_score,add_score
CHD7,1-04274,CTD,No,8,61761097,T,C,1,0.870437919396464,0.304780984150728,0.217050465458109,0.0575819530093506,2.44985132201465
CHD7,1-06528,other,No,8,61765615,C,T,1,0.870437919396464,0.304780984150728,0.416952474277315,0.110614541785457,2.70278591960996
CHD7,1-06762,LVO,Unknown,8,61768672,C,T,1,0.870437919396464,0.304780984150728,0.870651641352278,0.23097772121358,3.27684826611305
CHD7,1-07848,LVO,Unknown,8,61768660,G,A,1,0.870437919396464,0.304780984150728,0.870651641352278,0.23097772121358,3.27684826611305
CHD7,1-01111,CTD,Unknown,8,61761073,G,C,1,0.870437919396464,0.304780984150728,0.907888290053895,0.240856340691482,3.32396353429257
CHD7,1-07370,CTD,Yes,8,61769130,C,T,1,0.870437919396464,0.304780984150728,0.926016658500735,0.245665668595198,3.34690123064312
CHD7,1-07407,other (AVC),Unknown,8,61765059,G,A,1,0.870437919396464,0.304780984150728,0.932386085252327,0.24735543245326,3.35496042125278
CHD7,1-07451,CTD,No,8,61764721,AC,A,1,0.870437919396464,0.304780984150728,0.932386085252327,0.24735543245326,3.35496042125278
CHD7,1-04775,LVO,Unknown,8,61761714,G,A,1,0.870437919396464,0.304780984150728,1,0.265292925715766,3.44051182926296
GATA4,1-06752,CTD,No,8,11615886,GC,G,0.8,0.842946856596918,0.69170089505767,0.849583537481627,0.396291364259338,3.58052265339555
GATA4,1-13022,CTD,Unknown,8,11615935,G,A,0.8,0.842946856596918,0.69170089505767,0.861832435080843,0.402004907573342,3.59848509430877
GATA4,1-06752,CTD,No,8,11615889,TCTCCCGTCAG,T,0.8,0.842946856596918,0.69170089505767,0.926016658500735,0.431943874538724,3.69260828469405
GATA6,1-04280,CTD (TGA),No,18,19761477,C,G,0.97,0.885211154726041,0.614173054695916,0.265066144047036,0.139785985152015,2.87423633862101
GATA6,1-02568,CTD,No,18,19761432,G,T,0.97,0.885211154726041,0.614173054695916,0.807937285644292,0.426075951045605,3.70339744611185
GATA6,1-02980,CTD,No,18,19752114,TA,T,0.97,0.885211154726041,0.614173054695916,0.870651641352278,0.459149160101905,3.79918501087614
GATA6,1-09834,CTD,Unknown,18,19751800,G,GCCCT,0.97,0.885211154726041,0.614173054695916,0.994120529152376,0.524262040431494,3.98776677900583
HIST1H4E,1-04521,other,Yes,6,26205182,T,C,0.001,0.969528242491661,0.257760664766085,0.217050465458109,5.4242266644932e-05,1.4453936149825
HIST1H4E,1-03390,CTD,Unknown,6,26204951,AT,A,0.001,0.969528242491661,0.257760664766085,0.870651641352278,0.00021758128177888,2.0991581298918
KIF20B,1-06809,CTD (TGA),No,10,91532485,C,G,0.001,0.881616832184303,0.131585407327667,0.415972562469378,4.82561075768958e-05,1.43022305808892
KIF20B,1-00148,LVO,No,10,91532485,C,G,0.001,0.881616832184303,0.131585407327667,0.901518863302303,0.000104583319130139,1.9158256861334
RAD50,1-05675,CTD (TGA),Unknown,5,131923648,CTT,C,0.001,0.857878645949946,0.216951611288386,0.490445859872611,9.12808783357512e-05,1.56636739798928
RAD50,1-01230,other,No,5,131915649,AT,A,0.001,0.857878645949946,0.216951611288386,0.870651641352278,0.000162044076725904,1.94664394266734
RAD50,1-08346,other,Yes,5,131924420,C,T,0.001,0.857878645949946,0.216951611288386,0.870651641352278,0.000162044076725904,1.94664394266734
RAD50,1-01997,CTD,Unknown,5,131915178,A,AT,0.001,0.857878645949946,0.216951611288386,0.926016658500735,0.000172348511543027,2.00201926425061
RPP38,1-09781,LVO,Yes,10,15145702,TGTTA,T,0.001,0.852083849011547,0.158455650738459,0.879470847623714,0.000118743955854016,1.89112909132957
RPP38,1-05133,HTX,Unknown,10,15145530,A,T,0.001,0.852083849011547,0.158455650738459,0.884860362567369,0.000119471634692118,1.89651933395207
SMARCC1,1-00466,other,Yes,3,47651726,A,G,1,0.837004029181248,0.192064080897698,0.86281234688878,0.138704340645241,3.03058479761297
SMARCC1,1-01955,CTD (TGA),No,3,47651608,A,AG,1,0.837004029181248,0.192064080897698,0.870651641352278,0.139964573155363,3.03968432458659
UTP14C,1-06937,other,No,13,52604123,C,G,0.001,0.906864509801671,0.257760664766085,0.395884370406663,9.25395546842688e-05,1.5616020845291
UTP14C,1-06937,other,No,13,52604139,A,C,0.001,0.906864509801671,0.257760664766085,0.790788829005389,0.000184850051064864,1.95659885362421
