Bait	Prey	#Rep	#Pep	AvgP	BFDR
gata4	A0A075B6P5	3	1	0.0027	0.5310
gata4	A0A0C4DH55	3	1	0.0060	0.5296
tbx5	A0A0C4DH55	3	1	0.0428	0.5187
gata4	A6NHR9	3	1	0.6663	0.1870
tbx5	A8CG34	3	1	0.3333	0.3333
gata4	B9A064	3	4	0.1545	0.4814
tbx5	B9A064	3	4	0.2038	0.4622
tbx5	O00159	3	3	0.3332	0.4193
tbx5	O00231	3	7	0.9167	0.0170
tbx5	O00232	3	3	0.3333	0.3333
tbx5	O00257	3	1	0.3333	0.3333
gata4	O00264	3	6	0.8889	0.0289
tbx5	O00264	3	6	0.6667	0.1340
gata4	O00267	3	1	0.6667	0.1340
tbx5	O00267	3	1	0.3332	0.4193
tbx5	O00411	3	14	0.7074	0.1230
tbx5	O00422	3	3	0.5556	0.2208
gata4	O00425	3	1	0.9985	0.0001
gata4	O00443	3	2	0.1667	0.4696
tbx5	O00443	3	2	0.6634	0.1929
tbx5	O00470	3	2	0.6667	0.1340
tbx5	O00479	3	1	1.0000	0.0000
gata4	O00483	3	2	0.4983	0.2765
tbx5	O00483	3	2	0.4702	0.2824
tbx5	O00487	3	2	0.6667	0.1340
tbx5	O00560	3	2	0.3333	0.3333
gata4	O00567	3	21	0.5697	0.2164
tbx5	O00567	3	21	0.5974	0.2091
gata4	O00571	3	18	0.6786	0.1305
tbx5	O00571	3	18	0.8829	0.0365
tbx5	O00629	3	2	0.3332	0.4193
tbx5	O14497	3	5	0.8887	0.0334
gata4	O14519	3	2	0.1505	0.4821
tbx5	O14519	3	2	0.1667	0.4696
tbx5	O14646	3	9	0.4667	0.2827
gata4	O14654	3	6	0.6666	0.1767
tbx5	O14654	3	6	0.6666	0.1767
tbx5	O14686	3	3	0.6665	0.1840
tbx5	O14770	3	2	1.0000	0.0000
gata4	O14776	3	7	0.9163	0.0203
tbx5	O14776	3	7	0.4994	0.2746
tbx5	O14818	3	7	0.6667	0.1340
gata4	O14874	3	1	0.3333	0.3333
gata4	O14908	3	17	0.9238	0.0142
tbx5	O14908	3	17	0.3238	0.4314
gata4	O14965	3	5	0.8889	0.0289
tbx5	O14965	3	5	0.6663	0.1870
gata4	O14979	3	2	0.4997	0.2740
tbx5	O15014	3	5	0.5556	0.2208
tbx5	O15015	3	2	0.3333	0.3333
tbx5	O15042	3	6	0.5382	0.2451
gata4	O15047	3	7	0.0470	0.5162
tbx5	O15047	3	7	0.1903	0.4649
tbx5	O15119	3	2	0.3333	0.3333
tbx5	O15164	3	5	0.6667	0.1340
tbx5	O15226	3	1	0.3333	0.3333
tbx5	O15235	3	3	0.0001	0.5352
gata4	O15294	3	9	0.4866	0.2794
tbx5	O15294	3	9	0.8624	0.0465
gata4	O15347	3	2	0.8331	0.0615
tbx5	O15347	3	2	0.3332	0.4193
tbx5	O15350	3	3	0.4444	0.2899
tbx5	O15379	3	2	0.3333	0.3333
tbx5	O15382	3	1	0.3333	0.3333
tbx5	O15417	3	1	0.3231	0.4316
tbx5	O15516	3	1	0.3333	0.3333
tbx5	O15550	3	2	0.8333	0.0534
tbx5	O43143	3	5	0.7778	0.0805
tbx5	O43159	3	1	0.3332	0.4193
gata4	O43169	3	1	0.3331	0.4234
tbx5	O43172	3	13	0.8095	0.0710
tbx5	O43175	3	2	0.4989	0.2759
tbx5	O43242	3	6	1.0000	0.0000
gata4	O43251	3	5	0.5291	0.2476
tbx5	O43251	3	5	0.7776	0.0932
gata4	O43390	3	8	0.4240	0.3138
tbx5	O43390	3	8	0.4986	0.2762
tbx5	O43395	3	11	0.8333	0.0534
tbx5	O43447	3	3	0.4444	0.2899
gata4	O43660	3	5	0.1111	0.4899
tbx5	O43660	3	5	0.6666	0.1767
gata4	O43663	3	7	0.2500	0.4464
tbx5	O43663	3	7	0.6667	0.1340
gata4	O43684	3	7	0.0945	0.5004
tbx5	O43684	3	7	0.7586	0.1039
gata4	O43809	3	2	0.1667	0.4696
tbx5	O43809	3	2	0.3333	0.3333
tbx5	O43813	3	2	0.3333	0.3333
tbx5	O60244	3	3	0.5485	0.2427
gata4	O60264	3	31	0.1879	0.4659
tbx5	O60264	3	31	0.9442	0.0079
tbx5	O60281	3	5	0.6666	0.1767
tbx5	O60293	3	3	0.5551	0.2390
gata4	O60341	3	20	0.1989	0.4639
tbx5	O60341	3	20	1.0000	0.0000
gata4	O60506	3	2	0.3333	0.3333
tbx5	O60563	3	1	0.6656	0.1895
tbx5	O60716	3	4	0.3333	0.3333
tbx5	O60783	3	2	0.3333	0.3333
tbx5	O60832	3	3	0.4444	0.2899
gata4	O60841	3	1	0.3333	0.3333
gata4	O60869	3	2	0.2974	0.4366
tbx5	O60884	3	5	0.8889	0.0289
gata4	O60885	3	2	0.2291	0.4506
tbx5	O60934	3	1	0.3333	0.3333
gata4	O60942	3	3	0.2222	0.4523
tbx5	O60942	3	3	0.4444	0.2899
gata4	O75152	3	14	0.0422	0.5190
tbx5	O75152	3	14	0.0000	0.5361
tbx5	O75177	3	1	0.2786	0.4392
gata4	O75182	3	11	0.1114	0.4894
tbx5	O75182	3	11	0.3882	0.3254
gata4	O75190	3	3	0.3333	0.3333
tbx5	O75190	3	3	0.4444	0.2899
tbx5	O75319	3	2	0.3333	0.3333
tbx5	O75340	3	2	0.3333	0.3333
gata4	O75367	3	21	0.2421	0.4478
tbx5	O75367	3	21	0.8706	0.0411
tbx5	O75376	3	16	0.7499	0.1089
gata4	O75396	3	1	0.3331	0.4234
tbx5	O75396	3	1	0.3333	0.3333
gata4	O75400	3	1	0.9999	0.0000
tbx5	O75446	3	2	0.3333	0.3333
gata4	O75475	3	4	0.3333	0.3333
tbx5	O75475	3	4	0.7778	0.0805
tbx5	O75478	3	6	0.0000	0.5361
tbx5	O75494	3	2	0.3333	0.3333
gata4	O75528	3	6	0.0000	0.5361
tbx5	O75528	3	6	0.0449	0.5176
tbx5	O75530	3	4	0.5556	0.2208
tbx5	O75533	3	3	0.3333	0.3333
gata4	O75643	3	33	0.0744	0.5073
tbx5	O75643	3	33	0.7277	0.1163
tbx5	O75694	3	7	0.5000	0.2577
gata4	O75844	3	2	0.1666	0.4772
tbx5	O75844	3	2	0.3332	0.4193
gata4	O75934	3	5	0.1109	0.4949
tbx5	O75934	3	5	0.9986	0.0001
gata4	O75947	3	2	0.3333	0.3333
gata4	O75962	3	20	0.9303	0.0126
tbx5	O75962	3	20	0.0667	0.5100
gata4	O75964	3	1	0.3332	0.4193
tbx5	O75964	3	1	0.3333	0.3333
gata4	O76021	3	7	0.1667	0.4696
tbx5	O76021	3	7	0.5000	0.2577
tbx5	O76094	3	1	0.3333	0.3333
gata4	O94776	3	12	0.0555	0.5138
tbx5	O94776	3	12	1.0000	0.0000
gata4	O94819	3	1	0.0085	0.5282
tbx5	O94819	3	1	0.0758	0.5068
tbx5	O94832	3	15	0.3333	0.3333
tbx5	O94880	3	5	0.5556	0.2208
gata4	O94886	3	1	1.0000	0.0000
tbx5	O94905	3	4	0.7778	0.0805
gata4	O94906	3	12	0.7222	0.1188
tbx5	O94906	3	12	0.7778	0.0805
tbx5	O94913	3	2	0.3249	0.4312
gata4	O94973	3	2	0.1667	0.4696
tbx5	O94973	3	2	0.1667	0.4696
tbx5	O95071	3	3	0.3333	0.3333
tbx5	O95232	3	1	0.3333	0.3333
tbx5	O95235	3	22	0.7576	0.1054
gata4	O95239	3	5	0.1111	0.4899
tbx5	O95239	3	5	0.3333	0.3333
tbx5	O95251	3	4	0.3255	0.4310
gata4	O95292	3	15	0.0417	0.5195
tbx5	O95292	3	15	0.9583	0.0034
gata4	O95347	3	5	0.5555	0.2308
tbx5	O95347	3	5	0.3332	0.4193
tbx5	O95400	3	1	0.6666	0.1767
tbx5	O95429	3	4	0.5556	0.2208
tbx5	O95478	3	2	0.3333	0.3333
gata4	O95619	3	4	0.2206	0.4601
tbx5	O95619	3	4	0.5556	0.2208
tbx5	O95625	3	6	0.7767	0.0962
tbx5	O95696	3	3	0.3333	0.3333
tbx5	O95782	3	1	0.3333	0.3333
gata4	O95785	3	8	0.4164	0.3176
tbx5	O95785	3	8	0.7500	0.1074
tbx5	O95793	3	2	0.3333	0.3333
tbx5	O95816	3	4	0.7767	0.0962
tbx5	O95819	3	5	0.4441	0.3043
tbx5	O95947	3	1	0.3333	0.3333
tbx5	O95983	3	5	0.6667	0.1340
gata4	O96019	3	7	0.2283	0.4511
tbx5	O96019	3	7	0.9948	0.0002
gata4	P00387	3	4	0.8889	0.0289
tbx5	P00387	3	4	0.2222	0.4523
tbx5	P01023	3	1	0.0000	0.5361
gata4	P01591	3	2	0.4999	0.2714
tbx5	P01591	3	2	0.1667	0.4696
tbx5	P01834	3	2	0.0034	0.5304
gata4	P01859	3	3	0.3484	0.3304
tbx5	P01859	3	3	0.1883	0.4656
gata4	P02545	3	16	0.4011	0.3218
tbx5	P02545	3	16	0.5328	0.2462
tbx5	P04075	3	2	0.6667	0.1340
tbx5	P04183	3	1	0.3333	0.3333
gata4	P04264	3	1	0.2745	0.4405
tbx5	P04264	3	1	0.3179	0.4336
gata4	P04406	3	6	0.3588	0.3286
tbx5	P04406	3	6	0.4026	0.3212
gata4	P04637	3	30	0.7496	0.1098
tbx5	P04637	3	30	1.0000	0.0000
tbx5	P04792	3	2	0.6667	0.1340
gata4	P04843	3	14	0.8814	0.0396
tbx5	P04843	3	14	0.7619	0.1030
gata4	P04844	3	4	0.6647	0.1908
tbx5	P04844	3	4	0.7778	0.0805
gata4	P05023	3	8	0.5000	0.2577
tbx5	P05023	3	8	0.8333	0.0534
tbx5	P05114	3	2	0.5000	0.2577
gata4	P05141	3	9	0.6667	0.1340
tbx5	P05141	3	9	0.8667	0.0422
gata4	P05198	3	1	0.6667	0.1340
gata4	P05204	3	5	0.3478	0.3308
tbx5	P05204	3	5	0.6597	0.1941
tbx5	P05387	3	7	0.5024	0.2570
gata4	P05388	3	6	0.0452	0.5171
tbx5	P05388	3	6	0.3900	0.3248
tbx5	P05549	3	1	0.6667	0.1340
gata4	P05783	3	6	0.6531	0.1963
tbx5	P05783	3	6	0.7671	0.1015
gata4	P05976	3	2	0.3333	0.3333
tbx5	P05976	3	2	0.5000	0.2577
gata4	P06493	3	3	0.4289	0.3116
tbx5	P06493	3	3	0.2221	0.4585
gata4	P06576	3	9	0.9333	0.0094
tbx5	P06576	3	9	0.4000	0.3221
gata4	P06748	3	15	0.2146	0.4613
tbx5	P06748	3	15	0.8229	0.0673
tbx5	P07199	3	3	0.2222	0.4523
tbx5	P07203	3	1	0.3333	0.3333
gata4	P07305	3	10	0.2854	0.4381
tbx5	P07305	3	10	0.8401	0.0522
gata4	P07437	3	5	0.6666	0.1767
tbx5	P07437	3	5	1.0000	0.0000
gata4	P07910	3	21	0.6785	0.1310
tbx5	P07910	3	21	0.5559	0.2203
gata4	P08195	3	1	0.9995	0.0000
tbx5	P08195	3	1	0.3300	0.4299
gata4	P08238	3	1	0.3333	0.3333
tbx5	P08238	3	1	0.3333	0.3333
tbx5	P08579	3	1	0.6667	0.1340
gata4	P08621	3	9	0.1257	0.4862
tbx5	P08621	3	9	0.3977	0.3228
gata4	P08670	3	41	0.4601	0.2858
tbx5	P08670	3	41	0.5847	0.2113
tbx5	P08708	3	6	0.5496	0.2424
gata4	P08865	3	7	0.0833	0.5036
tbx5	P08865	3	7	0.6667	0.1340
tbx5	P09001	3	1	0.3333	0.3333
gata4	P09012	3	2	0.2224	0.4520
tbx5	P09012	3	2	0.3912	0.3241
gata4	P09234	3	4	0.1034	0.4983
tbx5	P09234	3	4	0.1227	0.4865
gata4	P09429	3	10	0.6562	0.1950
tbx5	P09429	3	10	0.8230	0.0667
gata4	P09651	3	14	0.9632	0.0030
tbx5	P09651	3	14	0.7406	0.1138
gata4	P09661	3	1	0.3333	0.3333
tbx5	P09661	3	1	1.0000	0.0000
gata4	P09874	3	88	0.9869	0.0006
tbx5	P09874	3	88	0.8379	0.0528
tbx5	P0C7P0	3	4	0.6665	0.1840
gata4	P0C7X3	3	1	0.3333	0.3333
gata4	P0CG12	3	3	0.3329	0.4258
tbx5	P0CJ78	3	9	0.8667	0.0422
gata4	P0DI83	3	6	0.0386	0.5201
tbx5	P0DI83	3	6	0.1093	0.4960
gata4	P0DMV9	3	32	0.9871	0.0004
tbx5	P0DMV9	3	32	0.9535	0.0047
tbx5	P0DN76	3	1	0.4618	0.2847
gata4	P10412	3	5	0.1050	0.4973
tbx5	P10412	3	5	0.3431	0.3319
tbx5	P10599	3	1	0.3333	0.3333
gata4	P10606	3	1	0.3333	0.3333
tbx5	P10606	3	1	0.3333	0.3333
gata4	P10636	3	3	0.4444	0.2899
gata4	P10809	3	17	0.7779	0.0799
tbx5	P10809	3	17	0.6797	0.1293
gata4	P11021	3	25	0.9047	0.0243
tbx5	P11021	3	25	0.7436	0.1113
gata4	P11142	3	39	0.9971	0.0002
tbx5	P11142	3	39	0.9529	0.0051
gata4	P11387	3	18	0.6399	0.1988
tbx5	P11387	3	18	0.5591	0.2195
gata4	P11388	3	62	0.2104	0.4620
tbx5	P11388	3	62	0.7570	0.1059
gata4	P11940	3	7	0.2500	0.4464
tbx5	P11940	3	7	0.5000	0.2577
gata4	P12532	3	14	0.2385	0.4489
tbx5	P12532	3	14	0.9222	0.0147
tbx5	P12755	3	1	0.3333	0.3333
gata4	P12956	3	9	0.8660	0.0449
tbx5	P12956	3	9	0.2667	0.4414
gata4	P13010	3	5	0.2222	0.4523
tbx5	P13010	3	5	0.3629	0.3279
gata4	P13073	3	2	0.1667	0.4696
tbx5	P13073	3	2	0.1667	0.4696
tbx5	P13378	3	1	0.3333	0.3333
gata4	P14373	3	5	0.2222	0.4523
tbx5	P14373	3	5	0.6667	0.1340
tbx5	P14406	3	1	0.6667	0.1340
gata4	P14618	3	3	0.5555	0.2308
gata4	P14866	3	9	0.1862	0.4663
tbx5	P14866	3	9	0.3894	0.3251
tbx5	P14923	3	2	0.0459	0.5168
gata4	P15880	3	18	0.0974	0.4996
tbx5	P15880	3	18	0.5606	0.2191
tbx5	P15924	3	2	0.1507	0.4819
tbx5	P16104	3	2	0.3333	0.3333
gata4	P16402	3	3	0.0422	0.5190
tbx5	P16402	3	3	0.2727	0.4409
gata4	P16403	3	6	0.2528	0.4459
tbx5	P16403	3	6	0.7012	0.1241
tbx5	P17028	3	9	0.6667	0.1340
tbx5	P17039	3	1	0.6647	0.1908
gata4	P17066	3	2	0.5000	0.2577
tbx5	P17066	3	2	0.5000	0.2577
gata4	P17096	3	3	0.3442	0.3315
tbx5	P17096	3	3	0.2567	0.4450
tbx5	P17480	3	15	0.6764	0.1316
tbx5	P17509	3	3	0.5555	0.2308
tbx5	P17812	3	1	0.3332	0.4193
gata4	P17844	3	24	0.5392	0.2448
tbx5	P17844	3	24	0.9029	0.0249
tbx5	P17980	3	7	0.6666	0.1767
tbx5	P18077	3	4	0.2613	0.4430
tbx5	P18124	3	10	0.4610	0.2854
gata4	P18583	3	4	0.4444	0.2899
tbx5	P18583	3	4	0.2222	0.4523
gata4	P18621	3	10	0.3333	0.3333
tbx5	P18621	3	10	0.4000	0.3221
gata4	P18754	3	12	0.6250	0.2035
tbx5	P18754	3	12	0.8268	0.0657
gata4	P18846	3	2	0.1667	0.4696
tbx5	P18846	3	2	0.8333	0.0534
tbx5	P18847	3	3	0.5556	0.2208
tbx5	P19105	3	5	0.6659	0.1886
gata4	P19338	3	38	0.2561	0.4455
tbx5	P19338	3	38	0.7584	0.1044
tbx5	P19387	3	1	0.6666	0.1767
tbx5	P19388	3	2	0.3332	0.4193
tbx5	P19447	3	1	0.3333	0.3333
tbx5	P19484	3	1	0.3333	0.3333
gata4	P19784	3	5	0.4444	0.2899
tbx5	P19784	3	5	0.3333	0.3333
tbx5	P20618	3	3	0.3333	0.3333
tbx5	P20674	3	1	0.6667	0.1340
gata4	P20700	3	34	0.2568	0.4448
tbx5	P20700	3	34	0.5127	0.2519
tbx5	P20719	3	5	0.8887	0.0334
tbx5	P21333	3	4	0.3333	0.3333
gata4	P21796	3	7	0.3333	0.3333
tbx5	P21796	3	7	0.9165	0.0197
gata4	P22087	3	21	0.5097	0.2537
tbx5	P22087	3	21	0.8941	0.0277
gata4	P22626	3	28	0.6174	0.2055
tbx5	P22626	3	28	0.8536	0.0470
tbx5	P22695	3	1	0.3333	0.3333
gata4	P23246	3	53	0.9938	0.0003
tbx5	P23246	3	53	0.5710	0.2156
gata4	P23284	3	3	0.0016	0.5313
tbx5	P23284	3	3	0.2609	0.4434
gata4	P23396	3	14	0.1345	0.4847
tbx5	P23396	3	14	0.7090	0.1225
gata4	P24534	3	2	0.4999	0.2714
tbx5	P24534	3	2	0.1667	0.4696
gata4	P24539	3	3	0.5556	0.2208
tbx5	P24539	3	3	0.1111	0.4899
gata4	P25398	3	7	0.1191	0.4875
tbx5	P25398	3	7	0.8015	0.0737
tbx5	P25440	3	9	1.0000	0.0000
gata4	P25490	3	2	0.3333	0.3333
tbx5	P25490	3	2	0.3333	0.3333
gata4	P25685	3	12	0.9444	0.0075
tbx5	P25685	3	12	0.1111	0.4899
gata4	P25705	3	14	1.0000	0.0000
tbx5	P25705	3	14	0.5238	0.2497
tbx5	P25786	3	5	0.6667	0.1340
tbx5	P25787	3	3	0.4444	0.2899
tbx5	P25788	3	3	0.3333	0.3333
tbx5	P25789	3	6	1.0000	0.0000
tbx5	P26196	3	2	0.6667	0.1340
tbx5	P26368	3	1	0.6667	0.1340
gata4	P26373	3	24	0.8410	0.0510
tbx5	P26373	3	24	0.6289	0.2015
gata4	P26583	3	12	0.6628	0.1935
tbx5	P26583	3	12	0.2971	0.4368
gata4	P26599	3	3	0.5789	0.2144
tbx5	P26599	3	3	0.4544	0.2875
gata4	P26641	3	6	0.8667	0.0422
tbx5	P26641	3	6	0.4704	0.2817
tbx5	P27348	3	1	0.4240	0.3138
gata4	P27635	3	20	0.5365	0.2455
tbx5	P27635	3	20	0.6208	0.2049
tbx5	P27695	3	2	0.2783	0.4394
gata4	P27708	3	2	0.1666	0.4772
tbx5	P27708	3	2	0.3333	0.3333
gata4	P27816	3	121	0.1033	0.4986
tbx5	P27816	3	121	0.1676	0.4691
gata4	P27824	3	4	0.4841	0.2800
tbx5	P27824	3	4	0.4297	0.3113
tbx5	P28066	3	4	0.7778	0.0805
tbx5	P28070	3	4	0.5556	0.2208
tbx5	P28072	3	1	0.3333	0.3333
tbx5	P28074	3	9	0.9333	0.0094
tbx5	P28347	3	3	0.4444	0.2899
tbx5	P28370	3	9	0.9333	0.0094
tbx5	P29375	3	16	0.4093	0.3196
tbx5	P29590	3	1	0.3315	0.4293
gata4	P29692	3	4	0.5555	0.2308
tbx5	P29692	3	4	0.4443	0.3034
tbx5	P30048	3	3	0.6662	0.1880
gata4	P30049	3	2	0.3333	0.3333
tbx5	P30049	3	2	0.3333	0.3333
gata4	P30050	3	6	0.0980	0.4988
tbx5	P30050	3	6	0.8829	0.0365
gata4	P30260	3	9	0.4664	0.2837
tbx5	P30260	3	9	0.9333	0.0094
tbx5	P30414	3	2	0.3333	0.3333
gata4	P30876	3	4	0.3289	0.4305
tbx5	P30876	3	4	0.2222	0.4523
tbx5	P31260	3	1	0.3327	0.4268
tbx5	P31273	3	1	0.3333	0.3333
tbx5	P31276	3	2	0.6667	0.1340
tbx5	P31277	3	1	0.1956	0.4641
gata4	P31689	3	3	0.6666	0.1767
tbx5	P31689	3	3	0.7778	0.0805
tbx5	P31941	3	1	0.3333	0.3333
gata4	P31942	3	3	0.2239	0.4518
tbx5	P31942	3	3	0.6336	0.2005
gata4	P31943	3	8	0.9740	0.0017
tbx5	P31943	3	8	0.7495	0.1103
gata4	P32322	3	36	1.0000	0.0000
tbx5	P32322	3	36	0.1667	0.4696
gata4	P32969	3	8	0.2841	0.4383
tbx5	P32969	3	8	0.3380	0.3330
gata4	P35030	3	2	0.0084	0.5285
tbx5	P35030	3	2	0.0586	0.5130
tbx5	P35226	3	4	0.5556	0.2208
gata4	P35232	3	7	0.5833	0.2117
tbx5	P35232	3	7	0.7500	0.1074
gata4	P35249	3	6	0.3333	0.3333
tbx5	P35249	3	6	0.7778	0.0805
gata4	P35250	3	3	0.3333	0.3333
tbx5	P35250	3	3	0.3331	0.4234
tbx5	P35251	3	8	0.5833	0.2117
gata4	P35268	3	4	0.1210	0.4867
tbx5	P35268	3	4	0.4314	0.3106
gata4	P35453	3	6	0.1111	0.4899
tbx5	P35453	3	6	1.0000	0.0000
gata4	P35579	3	70	0.0213	0.5234
tbx5	P35579	3	70	0.3907	0.3245
gata4	P35580	3	76	0.0146	0.5259
tbx5	P35580	3	76	0.4434	0.3062
gata4	P35613	3	2	0.3333	0.3333
tbx5	P35613	3	2	0.1667	0.4696
gata4	P35637	3	7	0.1396	0.4831
tbx5	P35637	3	7	0.4219	0.3151
tbx5	P35658	3	1	0.3333	0.3333
gata4	P35659	3	12	0.2805	0.4390
tbx5	P35659	3	12	0.7414	0.1118
tbx5	P35998	3	6	0.6667	0.1340
tbx5	P36402	3	1	0.3333	0.3333
gata4	P36542	3	5	0.4443	0.3034
tbx5	P36542	3	5	0.4440	0.3047
gata4	P36578	3	23	0.1656	0.4789
tbx5	P36578	3	23	0.6515	0.1966
tbx5	P37108	3	3	0.5555	0.2308
tbx5	P37198	3	2	0.3333	0.3333
gata4	P38159	3	10	0.6007	0.2080
tbx5	P38159	3	10	0.9091	0.0233
gata4	P38646	3	13	0.5687	0.2172
tbx5	P38646	3	13	0.6252	0.2032
gata4	P38919	3	12	0.0638	0.5114
tbx5	P38919	3	12	0.5864	0.2110
gata4	P39019	3	8	0.0476	0.5160
tbx5	P39019	3	8	0.6160	0.2066
gata4	P39023	3	19	0.1130	0.4883
tbx5	P39023	3	19	0.5059	0.2555
gata4	P39656	3	6	0.6611	0.1938
tbx5	P39656	3	6	0.6288	0.2018
tbx5	P39880	3	4	0.4444	0.2899
gata4	P40222	3	9	0.8655	0.0454
tbx5	P40424	3	5	1.0000	0.0000
tbx5	P40425	3	10	0.9999	0.0000
tbx5	P40426	3	5	0.6665	0.1840
gata4	P40429	3	6	0.0465	0.5165
tbx5	P40429	3	6	0.5092	0.2544
tbx5	P40937	3	3	0.4444	0.2899
tbx5	P40938	3	4	0.7778	0.0805
gata4	P41091	3	1	1.0000	0.0000
gata4	P42167	3	9	0.5808	0.2137
tbx5	P42167	3	9	0.6926	0.1252
tbx5	P42285	3	1	1.0000	0.0000
gata4	P42677	3	3	0.2593	0.4439
tbx5	P42677	3	3	0.6533	0.1960
tbx5	P42696	3	2	0.3327	0.4268
gata4	P42766	3	5	0.2647	0.4418
tbx5	P42766	3	5	0.5298	0.2472
gata4	P43243	3	19	0.5699	0.2160
tbx5	P43243	3	19	0.6427	0.1985
tbx5	P43686	3	9	0.8000	0.0743
gata4	P43694	3	48	1.0000	0.0000
gata4	P45880	3	8	0.0552	0.5146
tbx5	P45880	3	8	0.6669	0.1334
gata4	P45973	3	6	0.1043	0.4981
tbx5	P45973	3	6	0.8408	0.0516
tbx5	P46013	3	66	0.8221	0.0678
tbx5	P46060	3	4	0.5556	0.2208
gata4	P46063	3	8	0.9911	0.0003
tbx5	P46063	3	8	0.0833	0.5036
gata4	P46087	3	8	0.5501	0.2420
tbx5	P46087	3	8	0.5520	0.2413
tbx5	P46100	3	2	0.3332	0.4193
gata4	P46776	3	8	0.0833	0.5036
tbx5	P46776	3	8	0.4105	0.3186
tbx5	P46777	3	14	0.4065	0.3202
gata4	P46778	3	5	0.2203	0.4606
tbx5	P46778	3	5	0.6664	0.1860
tbx5	P46779	3	9	0.4501	0.2885
gata4	P46781	3	15	0.0180	0.5248
tbx5	P46781	3	15	0.5052	0.2559
tbx5	P46782	3	8	0.4617	0.2851
tbx5	P46783	3	3	0.4346	0.3094
gata4	P46977	3	2	0.1603	0.4801
tbx5	P46977	3	2	0.1667	0.4696
tbx5	P47756	3	5	0.5555	0.2308
gata4	P47914	3	2	0.1663	0.4787
tbx5	P47914	3	2	0.5000	0.2577
gata4	P48047	3	6	0.6719	0.1322
tbx5	P48047	3	6	0.4221	0.3148
tbx5	P48556	3	1	0.6667	0.1340
gata4	P49207	3	6	0.2820	0.4388
tbx5	P49207	3	6	0.6238	0.2038
gata4	P49411	3	5	0.2253	0.4516
tbx5	P49411	3	5	0.3208	0.4324
gata4	P49458	3	4	0.4432	0.3066
tbx5	P49458	3	4	0.5564	0.2199
gata4	P49674	3	4	0.4426	0.3069
tbx5	P49674	3	4	0.6664	0.1860
tbx5	P49711	3	2	0.3333	0.3333
tbx5	P49720	3	2	0.4999	0.2714
tbx5	P49721	3	2	0.3333	0.3333
gata4	P49750	3	4	0.4444	0.2899
tbx5	P49750	3	4	0.6667	0.1340
gata4	P49755	3	3	0.3333	0.3333
tbx5	P49755	3	3	0.3333	0.3333
gata4	P49756	3	5	0.3333	0.3333
tbx5	P49756	3	5	0.5556	0.2208
gata4	P49790	3	5	0.2222	0.4523
tbx5	P49790	3	5	0.6665	0.1840
tbx5	P49792	3	6	1.0000	0.0000
gata4	P49916	3	2	0.1129	0.4886
tbx5	P49916	3	2	0.3333	0.3333
tbx5	P49959	3	9	0.9141	0.0223
gata4	P50402	3	4	0.3333	0.3333
tbx5	P50402	3	4	0.6666	0.1767
tbx5	P50454	3	5	0.3327	0.4268
tbx5	P50750	3	3	0.5556	0.2208
gata4	P50914	3	5	0.0621	0.5119
tbx5	P50914	3	5	0.3292	0.4303
tbx5	P50990	3	2	0.3324	0.4279
tbx5	P50991	3	1	0.3333	0.3333
tbx5	P51114	3	4	0.4444	0.2899
gata4	P51148	3	2	0.0641	0.5108
tbx5	P51148	3	2	0.0001	0.5352
gata4	P51149	3	3	0.5556	0.2208
tbx5	P51149	3	3	0.2222	0.4523
gata4	P51512	3	1	0.8965	0.0265
tbx5	P51512	3	1	0.8510	0.0493
gata4	P51532	3	22	0.1078	0.4965
tbx5	P51532	3	22	1.0000	0.0000
gata4	P51571	3	3	0.4439	0.3053
tbx5	P51571	3	3	0.1111	0.4899
gata4	P51572	3	1	0.6666	0.1767
tbx5	P51572	3	1	0.6667	0.1340
gata4	P51608	3	2	0.1667	0.4696
tbx5	P51608	3	2	0.1590	0.4804
gata4	P51610	3	53	0.7965	0.0782
tbx5	P51610	3	53	0.7750	0.0977
tbx5	P51648	3	1	1.0000	0.0000
gata4	P51659	3	7	0.9149	0.0213
tbx5	P51665	3	3	0.5551	0.2390
gata4	P51991	3	29	0.2952	0.4375
tbx5	P51991	3	29	0.4856	0.2797
gata4	P52272	3	53	0.8827	0.0375
tbx5	P52272	3	53	0.9474	0.0065
gata4	P52292	3	15	0.7067	0.1236
tbx5	P52292	3	15	0.7913	0.0793
tbx5	P52434	3	1	1.0000	0.0000
gata4	P52597	3	6	1.0000	0.0000
tbx5	P52597	3	6	1.0000	0.0000
gata4	P52701	3	17	0.3704	0.3268
tbx5	P52701	3	17	0.8148	0.0699
tbx5	P52746	3	1	0.3333	0.3333
gata4	P52815	3	1	0.6667	0.1340
tbx5	P52815	3	1	0.3333	0.3333
tbx5	P52907	3	2	0.6667	0.1340
gata4	P52926	3	1	0.6637	0.1923
tbx5	P52926	3	1	0.6667	0.1340
tbx5	P52948	3	2	0.3333	0.3333
tbx5	P53007	3	1	0.3333	0.3333
gata4	P53350	3	14	0.7618	0.1035
tbx5	P53350	3	14	0.7143	0.1209
tbx5	P53621	3	1	0.3333	0.3333
tbx5	P53985	3	1	0.3332	0.4193
gata4	P53999	3	1	0.3198	0.4328
tbx5	P53999	3	1	0.5818	0.2133
gata4	P54132	3	1	0.3333	0.3333
gata4	P54198	3	50	0.0140	0.5262
tbx5	P54198	3	50	0.6268	0.2022
tbx5	P55036	3	4	0.6667	0.1340
tbx5	P55081	3	1	0.3333	0.3333
tbx5	P55201	3	2	0.3333	0.3333
tbx5	P55265	3	3	0.3333	0.3333
tbx5	P55347	3	4	1.0000	0.0000
gata4	P55769	3	5	0.0103	0.5273
tbx5	P55769	3	5	0.2632	0.4425
gata4	P55795	3	7	0.4145	0.3179
tbx5	P55795	3	7	0.5000	0.2577
tbx5	P56179	3	1	0.3333	0.3333
gata4	P56270	3	4	0.2222	0.4523
tbx5	P56270	3	4	0.9998	0.0000
gata4	P56385	3	2	0.8333	0.0534
tbx5	P56385	3	2	0.1667	0.4696
tbx5	P56537	3	1	0.3333	0.3333
tbx5	P56556	3	1	0.3333	0.3333
gata4	P57053	3	1	0.1165	0.4881
tbx5	P57053	3	1	0.9753	0.0014
gata4	P57088	3	2	0.1656	0.4789
tbx5	P57088	3	2	0.6667	0.1340
tbx5	P57721	3	1	0.6667	0.1340
tbx5	P57740	3	2	0.3333	0.3333
gata4	P60468	3	1	0.6667	0.1340
tbx5	P60468	3	1	0.3333	0.3333
gata4	P60660	3	8	0.2374	0.4492
tbx5	P60660	3	8	0.7448	0.1108
gata4	P60709	3	2	0.1897	0.4651
tbx5	P60709	3	2	0.3103	0.4346
gata4	P60842	3	8	0.9999	0.0000
tbx5	P60842	3	8	0.8333	0.0534
gata4	P60866	3	7	0.5125	0.2522
tbx5	P60866	3	7	0.6171	0.2059
tbx5	P60900	3	3	0.3333	0.3333
gata4	P60953	3	1	0.3333	0.3333
tbx5	P61160	3	1	0.3333	0.3333
gata4	P61165	3	1	0.6667	0.1340
tbx5	P61165	3	1	0.3333	0.3333
gata4	P61221	3	1	0.1533	0.4816
tbx5	P61221	3	1	0.0014	0.5321
tbx5	P61244	3	2	0.8333	0.0534
gata4	P61247	3	18	0.0884	0.5028
tbx5	P61247	3	18	0.6030	0.2076
tbx5	P61254	3	4	0.5556	0.2208
gata4	P61313	3	7	0.0294	0.5214
tbx5	P61313	3	7	0.5223	0.2504
gata4	P61326	3	4	0.0000	0.5361
tbx5	P61326	3	4	0.4105	0.3186
gata4	P61353	3	9	0.2306	0.4501
tbx5	P61353	3	9	0.4631	0.2844
gata4	P61513	3	5	0.1885	0.4654
tbx5	P61513	3	5	0.6496	0.1969
gata4	P61619	3	3	0.2222	0.4523
tbx5	P61619	3	3	0.3333	0.3333
tbx5	P61956	3	3	0.4444	0.2899
tbx5	P61962	3	8	0.6667	0.1340
gata4	P61964	3	12	0.0727	0.5081
tbx5	P61964	3	12	0.8211	0.0683
gata4	P61978	3	18	0.4576	0.2865
tbx5	P61978	3	18	0.5670	0.2176
gata4	P62081	3	5	0.3333	0.3333
tbx5	P62081	3	5	0.6667	0.1340
tbx5	P62136	3	2	0.0000	0.5361
tbx5	P62140	3	2	0.0370	0.5206
tbx5	P62158	3	2	0.6667	0.1340
tbx5	P62191	3	4	0.7778	0.0805
tbx5	P62195	3	8	0.9998	0.0000
gata4	P62241	3	13	0.0435	0.5184
tbx5	P62241	3	13	0.5535	0.2407
gata4	P62244	3	6	0.2678	0.4412
tbx5	P62244	3	6	0.8043	0.0732
gata4	P62249	3	7	0.0833	0.5036
tbx5	P62249	3	7	0.6652	0.1898
tbx5	P62258	3	2	0.6667	0.1340
gata4	P62263	3	7	0.0532	0.5151
tbx5	P62263	3	7	0.6965	0.1247
gata4	P62266	3	10	0.6051	0.2073
tbx5	P62266	3	10	0.5908	0.2106
gata4	P62269	3	10	0.0938	0.5007
tbx5	P62269	3	10	0.7272	0.1168
tbx5	P62273	3	4	0.3333	0.3333
tbx5	P62277	3	3	0.4269	0.3122
gata4	P62280	3	17	0.4059	0.3208
tbx5	P62280	3	17	0.8822	0.0386
tbx5	P62304	3	1	1.0000	0.0000
gata4	P62306	3	2	0.4244	0.3135
tbx5	P62306	3	2	0.9441	0.0084
gata4	P62314	3	5	0.0914	0.5017
tbx5	P62314	3	5	0.9194	0.0159
gata4	P62316	3	4	0.1368	0.4836
tbx5	P62316	3	4	0.5036	0.2566
gata4	P62318	3	4	0.0281	0.5220
tbx5	P62318	3	4	0.3207	0.4326
tbx5	P62333	3	7	0.9166	0.0192
gata4	P62424	3	13	0.1278	0.4860
tbx5	P62424	3	13	0.5735	0.2152
gata4	P62491	3	3	1.0000	0.0000
tbx5	P62491	3	3	0.3333	0.3333
gata4	P62701	3	18	0.5999	0.2084
tbx5	P62701	3	18	0.8663	0.0444
tbx5	P62750	3	7	0.4557	0.2872
gata4	P62753	3	12	0.8143	0.0704
tbx5	P62753	3	12	0.7691	0.1001
gata4	P62805	3	40	0.6675	0.1328
tbx5	P62805	3	40	0.9992	0.0000
gata4	P62826	3	8	0.2751	0.4401
tbx5	P62826	3	8	0.6842	0.1270
gata4	P62829	3	13	0.4274	0.3119
tbx5	P62829	3	13	0.3464	0.3311
gata4	P62834	3	1	0.3333	0.3333
tbx5	P62834	3	1	0.3333	0.3333
tbx5	P62841	3	3	0.3328	0.4262
gata4	P62847	3	6	0.0622	0.5116
tbx5	P62847	3	6	0.5077	0.2552
tbx5	P62851	3	4	0.7352	0.1143
gata4	P62854	3	6	0.3643	0.3275
tbx5	P62854	3	6	0.5485	0.2427
tbx5	P62857	3	4	0.5556	0.2208
tbx5	P62861	3	2	0.6667	0.1340
gata4	P62875	3	1	0.5253	0.2494
tbx5	P62877	3	1	0.3333	0.3333
tbx5	P62888	3	6	0.6179	0.2052
gata4	P62899	3	4	0.3011	0.4362
tbx5	P62899	3	4	0.4208	0.3154
tbx5	P62906	3	8	0.4899	0.2791
gata4	P62910	3	7	0.4346	0.3094
tbx5	P62910	3	7	0.6546	0.1957
gata4	P62913	3	4	0.0610	0.5122
tbx5	P62913	3	4	0.5416	0.2441
gata4	P62917	3	7	0.0669	0.5097
tbx5	P62917	3	7	0.7997	0.0765
tbx5	P62937	3	2	0.3333	0.3333
tbx5	P62987	3	6	0.8889	0.0289
gata4	P62995	3	5	0.0855	0.5033
tbx5	P62995	3	5	0.7193	0.1199
gata4	P63010	3	4	0.5555	0.2308
tbx5	P63010	3	4	0.2222	0.4523
gata4	P63104	3	1	0.6659	0.1886
tbx5	P63104	3	1	0.3333	0.3333
tbx5	P63151	3	2	0.3332	0.4193
gata4	P63162	3	9	0.2540	0.4457
tbx5	P63162	3	9	0.0890	0.5025
tbx5	P63165	3	2	0.3333	0.3333
tbx5	P63167	3	4	0.6641	0.1914
gata4	P63173	3	13	0.1932	0.4646
tbx5	P63173	3	13	0.2263	0.4513
tbx5	P63208	3	1	0.6667	0.1340
tbx5	P63220	3	2	0.6667	0.1340
tbx5	P63261	3	1	0.3333	0.3333
gata4	P67809	3	2	0.5000	0.2577
tbx5	P67809	3	2	0.2635	0.4423
gata4	P67870	3	3	0.7778	0.0805
tbx5	P67870	3	3	0.5556	0.2208
tbx5	P68133	3	3	0.5099	0.2533
gata4	P68363	3	2	0.6637	0.1923
tbx5	P68363	3	2	0.3333	0.3333
gata4	P68371	3	7	0.7500	0.1074
tbx5	P68371	3	7	0.8333	0.0534
gata4	P68400	3	8	0.6667	0.1340
tbx5	P68400	3	8	0.6381	0.1992
tbx5	P68431	3	1	0.3333	0.3333
gata4	P78347	3	4	0.8812	0.0401
tbx5	P78347	3	4	0.1111	0.4899
tbx5	P78364	3	5	0.7578	0.1049
gata4	P78371	3	2	0.1667	0.4696
tbx5	P78371	3	2	0.3333	0.3333
gata4	P78406	3	5	0.1095	0.4957
tbx5	P78406	3	5	0.5555	0.2308
gata4	P78527	3	57	0.8275	0.0646
tbx5	P78527	3	57	0.6434	0.1982
tbx5	P82650	3	8	0.4167	0.3167
tbx5	P82663	3	4	0.3333	0.3333
tbx5	P82675	3	5	0.3333	0.3333
tbx5	P82914	3	3	0.3333	0.3333
tbx5	P82921	3	1	0.3333	0.3333
tbx5	P82930	3	8	0.3333	0.3333
tbx5	P82933	3	1	0.3333	0.3333
gata4	P82979	3	4	0.0000	0.5361
tbx5	P82979	3	4	0.0000	0.5361
gata4	P83731	3	8	0.8074	0.0721
tbx5	P83731	3	8	0.9644	0.0023
gata4	P83881	3	7	0.2354	0.4494
tbx5	P83881	3	7	0.4966	0.2778
gata4	P83916	3	5	0.0641	0.5108
tbx5	P83916	3	5	0.7554	0.1064
gata4	P84090	3	7	0.0712	0.5089
tbx5	P84090	3	7	0.7113	0.1220
gata4	P84098	3	8	0.3067	0.4352
tbx5	P84098	3	8	0.5694	0.2168
gata4	P84103	3	6	0.5947	0.2095
tbx5	P84103	3	6	0.5328	0.2462
tbx5	P84243	3	2	0.5000	0.2577
gata4	P99999	3	3	0.0015	0.5316
tbx5	P99999	3	3	0.4978	0.2772
gata4	Q00059	3	3	0.2222	0.4523
tbx5	Q00059	3	3	0.0041	0.5302
gata4	Q00325	3	6	0.8885	0.0344
tbx5	Q00325	3	6	0.8885	0.0344
gata4	Q00610	3	11	0.0555	0.5138
tbx5	Q00610	3	11	0.3877	0.3258
gata4	Q00839	3	35	0.5163	0.2511
tbx5	Q00839	3	35	0.7982	0.0776
gata4	Q01130	3	3	0.6583	0.1947
tbx5	Q01130	3	3	0.1111	0.4899
tbx5	Q01196	3	2	0.3325	0.4276
gata4	Q01844	3	8	0.3333	0.3333
tbx5	Q01844	3	8	0.9985	0.0001
gata4	Q02086	3	2	0.0015	0.5316
tbx5	Q02086	3	2	0.2024	0.4627
gata4	Q02241	3	6	0.4444	0.2899
tbx5	Q02241	3	6	0.6667	0.1340
tbx5	Q02447	3	2	0.6231	0.2045
tbx5	Q02543	3	11	0.4424	0.3072
gata4	Q02878	3	14	0.0442	0.5179
tbx5	Q02878	3	14	0.4021	0.3215
tbx5	Q02880	3	6	0.5262	0.2490
tbx5	Q02930	3	2	0.3333	0.3333
gata4	Q02978	3	6	0.9989	0.0001
tbx5	Q02978	3	6	0.6667	0.1340
tbx5	Q03111	3	1	0.3333	0.3333
tbx5	Q03112	3	1	0.3333	0.3333
gata4	Q03164	3	2	0.1666	0.4772
tbx5	Q03164	3	2	0.1667	0.4696
gata4	Q03252	3	9	0.0928	0.5010
tbx5	Q03252	3	9	0.3915	0.3238
tbx5	Q03701	3	2	0.6662	0.1880
tbx5	Q04726	3	1	0.3333	0.3333
gata4	Q04837	3	1	0.3333	0.3333
tbx5	Q04837	3	1	0.3333	0.3333
tbx5	Q04941	3	1	0.3333	0.3333
gata4	Q05639	3	2	0.1746	0.4678
tbx5	Q05639	3	2	0.2562	0.4452
gata4	Q05682	3	1	0.6667	0.1340
tbx5	Q05682	3	1	0.3333	0.3333
tbx5	Q05BQ5	3	1	0.3333	0.3333
gata4	Q05D32	3	1	0.3223	0.4320
tbx5	Q05D32	3	1	1.0000	0.0000
gata4	Q06330	3	8	0.0832	0.5052
tbx5	Q06330	3	8	0.9167	0.0170
gata4	Q06587	3	5	0.1063	0.4968
tbx5	Q06587	3	5	0.8693	0.0416
tbx5	Q06787	3	1	0.3333	0.3333
tbx5	Q06830	3	3	0.4330	0.3100
gata4	Q07020	3	7	0.1048	0.4978
tbx5	Q07020	3	7	0.8836	0.0360
gata4	Q07065	3	8	0.2499	0.4468
tbx5	Q07065	3	8	0.6667	0.1340
gata4	Q07666	3	10	0.9009	0.0254
tbx5	Q07666	3	10	0.5102	0.2530
gata4	Q07955	3	7	0.1810	0.4673
tbx5	Q07955	3	7	0.7321	0.1153
gata4	Q08211	3	20	0.3413	0.3322
tbx5	Q08211	3	20	0.6120	0.2069
gata4	Q08945	3	28	0.0720	0.5087
tbx5	Q08945	3	28	0.8891	0.0283
gata4	Q09028	3	6	0.2010	0.4629
tbx5	Q09028	3	6	0.4575	0.2868
tbx5	Q09472	3	12	0.6667	0.1340
gata4	Q12788	3	2	0.1577	0.4806
tbx5	Q12788	3	2	0.1667	0.4696
gata4	Q12789	3	3	0.1105	0.4952
tbx5	Q12789	3	3	0.4444	0.2899
gata4	Q12816	3	6	0.1111	0.4899
tbx5	Q12816	3	6	0.6667	0.1340
tbx5	Q12824	3	1	0.3333	0.3333
gata4	Q12830	3	9	0.4495	0.2892
tbx5	Q12830	3	9	0.7992	0.0771
tbx5	Q12874	3	1	0.3333	0.3333
gata4	Q12905	3	8	0.0833	0.5036
tbx5	Q12905	3	8	0.8333	0.0534
gata4	Q12906	3	17	0.0705	0.5095
tbx5	Q12906	3	17	0.4964	0.2781
tbx5	Q12948	3	2	0.5000	0.2577
tbx5	Q12996	3	2	0.3332	0.4193
tbx5	Q13042	3	7	0.5000	0.2577
tbx5	Q13084	3	1	0.3333	0.3333
tbx5	Q13112	3	2	0.6665	0.1840
gata4	Q13148	3	3	1.0000	0.0000
tbx5	Q13148	3	3	0.4444	0.2899
gata4	Q13151	3	8	0.4409	0.3084
tbx5	Q13151	3	8	0.3951	0.3231
gata4	Q13185	3	8	0.2658	0.4416
tbx5	Q13185	3	8	0.7268	0.1178
tbx5	Q13188	3	5	0.7778	0.0805
tbx5	Q13200	3	14	0.8091	0.0715
tbx5	Q13227	3	4	0.5556	0.2208
tbx5	Q13228	3	1	0.3333	0.3333
tbx5	Q13242	3	6	0.5009	0.2574
gata4	Q13247	3	3	0.2222	0.4523
tbx5	Q13247	3	3	0.5555	0.2308
gata4	Q13263	3	18	0.4808	0.2810
tbx5	Q13263	3	18	1.0000	0.0000
tbx5	Q13330	3	6	0.5825	0.2125
gata4	Q13428	3	27	0.0099	0.5276
tbx5	Q13428	3	27	0.5940	0.2098
tbx5	Q13435	3	5	0.7778	0.0805
tbx5	Q13459	3	25	0.7692	0.0996
tbx5	Q13485	3	1	0.6667	0.1340
tbx5	Q13501	3	2	0.3333	0.3333
tbx5	Q13523	3	2	0.3333	0.3333
tbx5	Q13526	3	1	0.3325	0.4276
gata4	Q13547	3	10	0.1205	0.4873
tbx5	Q13547	3	10	0.6445	0.1979
tbx5	Q13573	3	10	0.8000	0.0743
tbx5	Q13595	3	5	0.3333	0.3333
tbx5	Q13616	3	3	0.4444	0.2899
tbx5	Q13620	3	2	0.3333	0.3333
tbx5	Q13642	3	1	0.3333	0.3333
gata4	Q13724	3	1	0.3333	0.3333
gata4	Q13813	3	3	0.0004	0.5336
tbx5	Q13813	3	3	0.0000	0.5361
gata4	Q13823	3	3	0.1111	0.4899
tbx5	Q13823	3	3	0.2219	0.4592
gata4	Q13838	3	4	0.0012	0.5324
tbx5	Q13838	3	4	0.0003	0.5338
tbx5	Q13951	3	3	0.3014	0.4360
gata4	Q14008	3	7	0.4997	0.2740
tbx5	Q14008	3	7	0.4167	0.3167
gata4	Q14103	3	19	0.9118	0.0228
tbx5	Q14103	3	19	0.1812	0.4671
tbx5	Q14119	3	1	0.6667	0.1340
tbx5	Q14151	3	3	0.3333	0.3333
gata4	Q14165	3	1	0.6666	0.1767
tbx5	Q14202	3	8	1.0000	0.0000
tbx5	Q14207	3	9	0.6667	0.1340
gata4	Q14257	3	2	0.3333	0.3333
tbx5	Q14257	3	2	0.5000	0.2577
tbx5	Q14331	3	1	0.3333	0.3333
gata4	Q14498	3	6	0.3168	0.4340
tbx5	Q14498	3	6	0.5038	0.2563
gata4	Q14527	3	5	0.5556	0.2208
tbx5	Q14527	3	5	0.2222	0.4523
tbx5	Q14669	3	6	0.6667	0.1340
gata4	Q14676	3	16	0.0009	0.5327
tbx5	Q14676	3	16	0.2409	0.4482
gata4	Q14683	3	6	0.5551	0.2390
tbx5	Q14683	3	6	0.5555	0.2308
gata4	Q14684	3	9	0.4104	0.3192
tbx5	Q14684	3	9	0.1725	0.4681
tbx5	Q14686	3	3	0.5554	0.2376
tbx5	Q14687	3	6	0.6663	0.1870
gata4	Q14690	3	3	0.5505	0.2417
tbx5	Q14690	3	3	0.2222	0.4523
gata4	Q14739	3	3	0.1111	0.4899
tbx5	Q14739	3	3	0.2222	0.4523
tbx5	Q14781	3	2	0.3333	0.3333
gata4	Q14807	3	15	0.1696	0.4686
tbx5	Q14807	3	15	0.8473	0.0499
gata4	Q14839	3	48	0.0722	0.5084
tbx5	Q14839	3	48	0.9984	0.0001
tbx5	Q14966	3	11	0.7774	0.0943
gata4	Q14974	3	4	0.1111	0.4899
tbx5	Q14974	3	4	0.8889	0.0289
gata4	Q14978	3	17	0.0862	0.5031
tbx5	Q14978	3	17	0.7690	0.1006
gata4	Q14980	3	69	0.0561	0.5135
tbx5	Q14980	3	69	0.8055	0.0726
gata4	Q15005	3	2	0.3333	0.3333
tbx5	Q15005	3	2	0.5000	0.2577
tbx5	Q15006	3	1	0.6667	0.1340
tbx5	Q15008	3	4	0.5556	0.2208
gata4	Q15014	3	1	0.0002	0.5344
tbx5	Q15019	3	2	0.3332	0.4193
tbx5	Q15022	3	2	0.3333	0.3333
gata4	Q15029	3	13	0.0258	0.5226
tbx5	Q15029	3	13	0.9514	0.0056
tbx5	Q15061	3	3	0.6667	0.1340
gata4	Q15111	3	2	0.0000	0.5361
tbx5	Q15111	3	2	0.0000	0.5361
tbx5	Q15154	3	5	0.6666	0.1767
gata4	Q15233	3	70	0.9841	0.0009
tbx5	Q15233	3	70	0.4769	0.2813
tbx5	Q15269	3	1	0.3333	0.3333
gata4	Q15287	3	4	0.0812	0.5055
tbx5	Q15287	3	4	0.3183	0.4334
tbx5	Q15291	3	3	0.5455	0.2434
gata4	Q15365	3	4	0.7267	0.1183
tbx5	Q15365	3	4	0.8629	0.0459
gata4	Q15366	3	4	0.2222	0.4523
tbx5	Q15366	3	4	0.8889	0.0289
tbx5	Q15388	3	1	0.3333	0.3333
tbx5	Q15393	3	8	0.7685	0.1010
tbx5	Q15424	3	6	0.4578	0.2861
gata4	Q15475	3	4	0.2222	0.4523
tbx5	Q15475	3	4	0.8889	0.0289
tbx5	Q15528	3	1	0.3333	0.3333
tbx5	Q15532	3	1	0.3333	0.3333
tbx5	Q15637	3	4	0.6667	0.1340
gata4	Q15648	3	3	0.3333	0.3333
tbx5	Q15648	3	3	0.3333	0.3333
tbx5	Q15652	3	2	0.3322	0.4289
gata4	Q15717	3	8	0.1554	0.4809
tbx5	Q15717	3	8	0.3333	0.3333
tbx5	Q15773	3	6	1.0000	0.0000
tbx5	Q15776	3	2	0.5000	0.2577
gata4	Q15836	3	1	0.3333	0.3333
tbx5	Q15836	3	1	0.3333	0.3333
tbx5	Q15906	3	1	0.3333	0.3333
tbx5	Q15910	3	3	0.3333	0.3333
gata4	Q15911	3	3	0.0980	0.4988
tbx5	Q15911	3	3	0.1112	0.4897
tbx5	Q16181	3	1	0.3333	0.3333
tbx5	Q16186	3	1	0.6369	0.1998
gata4	Q16363	3	1	0.0068	0.5290
tbx5	Q16531	3	7	0.4167	0.3167
gata4	Q16576	3	9	0.1363	0.4842
tbx5	Q16576	3	9	0.9846	0.0008
gata4	Q16629	3	6	0.2574	0.4446
tbx5	Q16629	3	6	0.7408	0.1123
tbx5	Q16643	3	3	0.1810	0.4673
gata4	Q16720	3	1	0.3333	0.3333
gata4	Q16777	3	7	0.4517	0.2882
tbx5	Q16777	3	7	0.8464	0.0504
gata4	Q16778	3	1	0.3333	0.3333
gata4	Q16795	3	2	0.1667	0.4696
tbx5	Q16795	3	2	0.3332	0.4193
tbx5	Q16891	3	5	0.4444	0.2899
gata4	Q1KMD3	3	6	0.3333	0.3333
tbx5	Q1KMD3	3	6	0.3333	0.3333
tbx5	Q2KHR3	3	3	0.4444	0.2899
tbx5	Q2M1K9	3	2	0.3333	0.3333
gata4	Q2M1P5	3	14	0.9999	0.0000
tbx5	Q2M1P5	3	14	0.0952	0.5002
tbx5	Q2TAY7	3	3	0.7777	0.0907
gata4	Q3KQU3	3	17	0.3328	0.4262
tbx5	Q3KQU3	3	17	0.8519	0.0476
gata4	Q3ZCQ8	3	4	0.1111	0.4899
tbx5	Q3ZCQ8	3	4	0.4444	0.2899
tbx5	Q49A26	3	3	0.4309	0.3109
gata4	Q4VCS5	3	40	0.2329	0.4496
tbx5	Q4VCS5	3	40	0.6832	0.1281
gata4	Q53HL2	3	7	0.0322	0.5209
tbx5	Q53HL2	3	7	0.6295	0.2008
gata4	Q56NI9	3	2	0.0000	0.5361
tbx5	Q58A45	3	4	0.7771	0.0957
tbx5	Q59GN2	3	1	0.3333	0.3333
gata4	Q5BKZ1	3	10	0.2000	0.4632
tbx5	Q5BKZ1	3	10	0.4667	0.2827
gata4	Q5JTV8	3	1	0.3333	0.3333
tbx5	Q5M9Q1	3	1	0.6667	0.1340
tbx5	Q5PSV4	3	3	0.3331	0.4234
tbx5	Q5QJE6	3	3	0.3333	0.3333
tbx5	Q5RHP9	3	1	0.3333	0.3333
gata4	Q5SSJ5	3	25	0.0438	0.5181
tbx5	Q5SSJ5	3	25	0.7314	0.1158
tbx5	Q5SY16	3	2	0.3328	0.4262
tbx5	Q5T3I0	3	1	0.3333	0.3333
gata4	Q5T3J3	3	11	0.1364	0.4839
tbx5	Q5T3J3	3	11	0.4232	0.3144
gata4	Q5T8P6	3	1	0.3324	0.4279
gata4	Q5T9A4	3	10	0.3317	0.4291
tbx5	Q5T9A4	3	10	0.6667	0.1340
tbx5	Q5TC82	3	1	0.0000	0.5361
tbx5	Q5TGY3	3	1	0.6464	0.1972
gata4	Q5VTE0	3	22	0.9995	0.0000
tbx5	Q5VTE0	3	22	0.6171	0.2059
tbx5	Q5VUA4	3	8	0.8305	0.0630
tbx5	Q5VWN6	3	1	0.6667	0.1340
gata4	Q5VZL5	3	9	0.2420	0.4480
tbx5	Q5VZL5	3	9	0.9333	0.0094
gata4	Q68D10	3	15	0.8196	0.0688
tbx5	Q68D10	3	15	0.5427	0.2437
tbx5	Q69YH5	3	5	0.5555	0.2308
gata4	Q69YN4	3	4	0.3327	0.4268
tbx5	Q69YN4	3	4	0.3531	0.3289
tbx5	Q6DKI1	3	1	0.3333	0.3333
tbx5	Q6KC79	3	5	0.7778	0.0805
gata4	Q6MZP7	3	2	0.3260	0.4308
gata4	Q6NSI4	3	2	0.2598	0.4437
tbx5	Q6NSI4	3	2	0.1667	0.4696
gata4	Q6NZI2	3	1	0.0577	0.5132
tbx5	Q6NZI2	3	1	0.0002	0.5344
gata4	Q6P1J9	3	10	0.9293	0.0131
tbx5	Q6P1J9	3	10	0.0738	0.5076
tbx5	Q6P1L8	3	1	0.0000	0.5361
tbx5	Q6P2E9	3	1	0.3333	0.3333
gata4	Q6P2Q9	3	26	0.0208	0.5237
tbx5	Q6P2Q9	3	26	0.9184	0.0164
gata4	Q6P4R8	3	10	0.2131	0.4615
tbx5	Q6P4R8	3	10	0.2317	0.4499
gata4	Q6PGN9	3	13	0.4543	0.2878
tbx5	Q6PGN9	3	13	0.1934	0.4644
gata4	Q6PI48	3	15	0.9167	0.0170
tbx5	Q6PJG2	3	4	0.5556	0.2208
tbx5	Q6PJT7	3	2	0.3333	0.3333
gata4	Q6UB99	3	2	0.1666	0.4772
tbx5	Q6UB99	3	2	0.1667	0.4696
tbx5	Q6UXN9	3	2	0.4906	0.2787
tbx5	Q6W2J9	3	5	0.6667	0.1340
tbx5	Q6WCQ1	3	5	0.3333	0.3333
gata4	Q6ZU65	3	57	0.0238	0.5228
tbx5	Q6ZU65	3	57	0.5181	0.2508
tbx5	Q6ZW49	3	8	0.7498	0.1094
tbx5	Q6ZYL4	3	1	0.3333	0.3333
gata4	Q709F0	3	4	0.5555	0.2308
tbx5	Q709F0	3	4	0.1111	0.4899
tbx5	Q71DI3	3	4	0.8513	0.0487
gata4	Q71UI9	3	8	0.3614	0.3282
tbx5	Q71UI9	3	8	0.7663	0.1025
tbx5	Q71UM5	3	1	0.6667	0.1340
gata4	Q765P7	3	1	0.3333	0.3333
tbx5	Q7KZ85	3	2	0.3333	0.3333
gata4	Q7KZI7	3	8	0.2211	0.4599
tbx5	Q7KZI7	3	8	0.0178	0.5251
tbx5	Q7L0Y3	3	1	0.6666	0.1767
tbx5	Q7L2E3	3	4	0.3333	0.3333
tbx5	Q7L590	3	4	0.4444	0.2899
gata4	Q7Z3B3	3	1	0.3331	0.4234
tbx5	Q7Z3B4	3	1	0.3333	0.3333
tbx5	Q7Z3J3	3	1	0.6667	0.1340
tbx5	Q7Z3K3	3	13	0.6375	0.1995
tbx5	Q7Z417	3	1	0.3333	0.3333
gata4	Q7Z4V5	3	6	0.0000	0.5361
tbx5	Q7Z4V5	3	6	0.2780	0.4396
gata4	Q7Z589	3	31	0.0492	0.5157
tbx5	Q7Z589	3	31	0.2773	0.4398
gata4	Q7Z5J4	3	6	0.0001	0.5352
tbx5	Q7Z5J4	3	6	0.0555	0.5138
tbx5	Q7Z6E9	3	3	0.4444	0.2899
tbx5	Q7Z6R9	3	1	1.0000	0.0000
tbx5	Q7Z6Z7	3	6	0.3333	0.3333
tbx5	Q7Z7K6	3	8	0.7183	0.1204
tbx5	Q86T24	3	17	1.0000	0.0000
tbx5	Q86U42	3	3	0.1547	0.4811
tbx5	Q86U86	3	6	0.7777	0.0907
tbx5	Q86UE4	3	1	0.3333	0.3333
tbx5	Q86UP3	3	4	0.5555	0.2308
tbx5	Q86V15	3	2	0.5000	0.2577
gata4	Q86V81	3	11	0.1668	0.4694
tbx5	Q86V81	3	11	0.2584	0.4441
tbx5	Q86VM9	3	2	0.3333	0.3333
gata4	Q86XJ1	3	27	0.2405	0.4485
tbx5	Q86XJ1	3	27	0.2631	0.4427
gata4	Q86YP4	3	10	0.4666	0.2834
tbx5	Q86YP4	3	10	0.8666	0.0438
gata4	Q8IUE6	3	1	0.3214	0.4322
tbx5	Q8IUE6	3	1	1.0000	0.0000
tbx5	Q8IVW6	3	18	0.6667	0.1340
tbx5	Q8IWC1	3	6	1.0000	0.0000
tbx5	Q8IWI9	3	3	0.4438	0.3059
tbx5	Q8IWS0	3	1	0.6667	0.1340
tbx5	Q8IWX8	3	3	0.4444	0.2899
tbx5	Q8IWZ3	3	2	0.3064	0.4354
gata4	Q8IX07	3	5	0.8853	0.0354
tbx5	Q8IX12	3	20	0.9000	0.0260
tbx5	Q8IX15	3	1	0.3333	0.3333
tbx5	Q8IX18	3	4	0.6666	0.1767
tbx5	Q8IXK0	3	1	1.0000	0.0000
gata4	Q8IXM2	3	3	0.5556	0.2208
tbx5	Q8IXM2	3	3	0.5556	0.2208
tbx5	Q8IXT5	3	2	0.3329	0.4258
tbx5	Q8IXZ2	3	3	0.3333	0.3333
tbx5	Q8IY18	3	2	0.3333	0.3333
gata4	Q8IY37	3	1	1.0000	0.0000
tbx5	Q8IY37	3	1	0.3333	0.3333
tbx5	Q8IY63	3	3	0.4444	0.2899
gata4	Q8IYA6	3	40	0.8295	0.0636
tbx5	Q8IYA6	3	40	0.4064	0.3205
tbx5	Q8IYH5	3	16	0.0645	0.5105
tbx5	Q8IZH2	3	2	0.3293	0.4301
tbx5	Q8IZL8	3	4	0.6667	0.1340
tbx5	Q8N0Z8	3	1	0.3333	0.3333
gata4	Q8N163	3	2	0.3333	0.3333
tbx5	Q8N163	3	2	0.1667	0.4696
gata4	Q8N1F7	3	4	0.2218	0.4596
tbx5	Q8N1F7	3	4	0.4444	0.2899
tbx5	Q8N1G0	3	5	0.6649	0.1905
gata4	Q8N201	3	1	0.3333	0.3333
gata4	Q8N257	3	1	0.5824	0.2129
tbx5	Q8N257	3	1	0.3332	0.4193
tbx5	Q8N3J9	3	1	0.3333	0.3333
tbx5	Q8N3R9	3	1	0.3333	0.3333
tbx5	Q8N488	3	1	0.3333	0.3333
tbx5	Q8N4V1	3	1	0.3333	0.3333
tbx5	Q8N684	3	2	0.3333	0.3333
gata4	Q8N8S7	3	5	0.2221	0.4585
tbx5	Q8N8S7	3	5	0.4439	0.3053
tbx5	Q8N983	3	2	0.3333	0.3333
gata4	Q8N9Q2	3	1	0.0002	0.5344
tbx5	Q8N9Q2	3	1	0.0000	0.5361
tbx5	Q8NAP3	3	2	0.5000	0.2577
tbx5	Q8NAV1	3	1	0.3333	0.3333
tbx5	Q8NC51	3	3	0.3305	0.4295
gata4	Q8NCA5	3	2	0.3333	0.3333
tbx5	Q8NCD3	3	1	0.3333	0.3333
gata4	Q8NCN2	3	4	0.2222	0.4523
tbx5	Q8NCN2	3	4	0.3333	0.3333
tbx5	Q8ND82	3	2	0.3333	0.3333
tbx5	Q8NEJ9	3	1	0.3333	0.3333
gata4	Q8NEY8	3	4	0.1111	0.4899
tbx5	Q8NEY8	3	4	0.4444	0.2899
tbx5	Q8NEZ4	3	6	0.6666	0.1767
tbx5	Q8NF64	3	2	0.5000	0.2577
tbx5	Q8NFH5	3	4	0.3333	0.3333
tbx5	Q8NFW8	3	5	0.4661	0.2841
tbx5	Q8NHM5	3	2	0.3174	0.4338
gata4	Q8NHZ8	3	3	0.3332	0.4193
tbx5	Q8NHZ8	3	3	0.5555	0.2308
gata4	Q8NI36	3	2	0.1665	0.4782
tbx5	Q8NI36	3	2	0.1667	0.4696
gata4	Q8TA86	3	5	0.0413	0.5198
tbx5	Q8TA86	3	5	0.0312	0.5212
tbx5	Q8TAQ2	3	6	0.9999	0.0000
gata4	Q8TC12	3	1	0.2835	0.4385
gata4	Q8TCC3	3	4	0.0003	0.5338
tbx5	Q8TCC3	3	4	0.0068	0.5290
tbx5	Q8TCJ2	3	1	0.6666	0.1767
tbx5	Q8TDN6	3	3	0.3333	0.3333
tbx5	Q8TE76	3	2	0.4999	0.2714
tbx5	Q8TED0	3	2	0.5000	0.2577
tbx5	Q8TEM1	3	4	0.4444	0.2899
tbx5	Q8TEQ6	3	3	0.3333	0.3333
tbx5	Q8TF68	3	3	0.5556	0.2208
gata4	Q8TF72	3	2	0.0594	0.5127
tbx5	Q8TF72	3	2	0.1187	0.4878
gata4	Q8TF74	3	2	0.5000	0.2577
tbx5	Q8WUA4	3	3	0.7778	0.0805
tbx5	Q8WUD4	3	1	0.3333	0.3333
tbx5	Q8WUU5	3	5	0.3741	0.3264
gata4	Q8WWK9	3	53	0.4259	0.3128
tbx5	Q8WWK9	3	53	0.4419	0.3075
tbx5	Q8WWQ0	3	9	0.3333	0.3333
gata4	Q8WXF1	3	7	1.0000	0.0000
tbx5	Q8WXF1	3	7	0.3333	0.3333
tbx5	Q8WXI9	3	9	0.9333	0.0094
tbx5	Q8WXX5	3	3	0.7778	0.0805
tbx5	Q8WZ42	3	2	0.3331	0.4234
gata4	Q92499	3	10	0.9287	0.0137
tbx5	Q92499	3	10	0.5315	0.2469
gata4	Q92522	3	10	0.2472	0.4475
tbx5	Q92522	3	10	0.5624	0.2187
tbx5	Q92547	3	9	0.5921	0.2102
tbx5	Q92552	3	6	0.3333	0.3333
gata4	Q92560	3	4	0.0008	0.5330
tbx5	Q92560	3	4	0.1117	0.4891
tbx5	Q92567	3	1	0.6667	0.1340
tbx5	Q92621	3	6	0.3333	0.3333
tbx5	Q92665	3	1	0.3333	0.3333
tbx5	Q92688	3	2	0.3333	0.3333
tbx5	Q92759	3	3	0.3331	0.4234
gata4	Q92769	3	10	0.1992	0.4636
tbx5	Q92769	3	10	1.0000	0.0000
tbx5	Q92785	3	2	0.4993	0.2753
tbx5	Q92786	3	3	0.6667	0.1340
gata4	Q92804	3	3	0.0202	0.5240
tbx5	Q92804	3	3	0.1678	0.4689
tbx5	Q92826	3	4	0.6667	0.1340
tbx5	Q92830	3	4	0.0919	0.5015
gata4	Q92841	3	23	0.9773	0.0011
tbx5	Q92841	3	23	0.8815	0.0391
gata4	Q92878	3	36	0.2297	0.4504
tbx5	Q92878	3	36	0.9350	0.0089
gata4	Q92879	3	2	0.4999	0.2714
gata4	Q92887	3	1	0.3333	0.3333
tbx5	Q92887	3	1	0.3333	0.3333
tbx5	Q92908	3	2	0.3333	0.3333
tbx5	Q92922	3	2	0.8317	0.0625
tbx5	Q92925	3	5	0.7778	0.0805
gata4	Q92945	3	5	0.4120	0.3183
tbx5	Q92945	3	5	0.2222	0.4523
gata4	Q92974	3	1	0.3333	0.3333
gata4	Q92979	3	5	0.0278	0.5223
tbx5	Q92989	3	2	0.4999	0.2714
tbx5	Q93009	3	1	0.3333	0.3333
tbx5	Q93074	3	3	0.4443	0.3034
gata4	Q93077	3	5	0.4703	0.2820
tbx5	Q93077	3	5	0.6341	0.2001
tbx5	Q969G3	3	3	0.6667	0.1340
tbx5	Q96A33	3	2	0.1664	0.4784
tbx5	Q96A35	3	1	0.3333	0.3333
gata4	Q96AG4	3	8	0.5290	0.2479
tbx5	Q96AG4	3	8	0.4178	0.3160
tbx5	Q96BN2	3	1	0.3333	0.3333
gata4	Q96C36	3	43	1.0000	0.0000
tbx5	Q96C36	3	43	0.2121	0.4617
gata4	Q96CN4	3	2	0.0979	0.4994
tbx5	Q96CN4	3	2	0.5093	0.2541
gata4	Q96CW1	3	3	0.2222	0.4523
tbx5	Q96CW1	3	3	0.3333	0.3333
tbx5	Q96DE5	3	1	0.3333	0.3333
tbx5	Q96DI7	3	3	0.5555	0.2308
tbx5	Q96E39	3	1	0.3333	0.3333
gata4	Q96EK4	3	1	0.3149	0.4342
tbx5	Q96ES7	3	2	0.0000	0.5361
gata4	Q96EV2	3	18	0.4202	0.3157
tbx5	Q96EV2	3	18	0.2963	0.4373
gata4	Q96EY1	3	11	0.0548	0.5149
tbx5	Q96EY1	3	11	1.0000	0.0000
tbx5	Q96EY4	3	3	0.1360	0.4844
tbx5	Q96EY7	3	1	0.3333	0.3333
gata4	Q96F07	3	3	0.5555	0.2308
tbx5	Q96G25	3	1	0.6667	0.1340
gata4	Q96GD4	3	6	0.2731	0.4407
tbx5	Q96GD4	3	6	0.9690	0.0019
tbx5	Q96GM5	3	1	0.6667	0.1340
gata4	Q96GY0	3	3	0.2222	0.4523
tbx5	Q96GY0	3	3	0.1081	0.4962
tbx5	Q96HR3	3	2	0.4980	0.2768
gata4	Q96HS1	3	19	1.0000	0.0000
tbx5	Q96HS1	3	19	0.5999	0.2084
gata4	Q96I24	3	3	0.7774	0.0943
tbx5	Q96I24	3	3	0.5556	0.2208
tbx5	Q96IR2	3	3	0.4418	0.3078
tbx5	Q96IX5	3	2	0.5000	0.2577
gata4	Q96JB3	3	2	0.4975	0.2775
tbx5	Q96JB3	3	2	0.8333	0.0534
tbx5	Q96JG8	3	1	0.3333	0.3333
tbx5	Q96JM3	3	3	0.3332	0.4193
tbx5	Q96K83	3	1	0.3333	0.3333
gata4	Q96KM6	3	23	0.2866	0.4379
tbx5	Q96KM6	3	23	0.2971	0.4368
tbx5	Q96KN3	3	2	0.8333	0.0534
gata4	Q96KR1	3	6	0.2219	0.4592
tbx5	Q96KR1	3	6	0.6667	0.1340
gata4	Q96L91	3	17	0.6295	0.2008
tbx5	Q96L91	3	17	0.7407	0.1128
tbx5	Q96ME7	3	6	0.4444	0.2899
tbx5	Q96MF7	3	2	0.6666	0.1767
tbx5	Q96MG7	3	2	0.3189	0.4330
gata4	Q96N67	3	2	0.3333	0.3333
tbx5	Q96N67	3	2	0.1648	0.4794
tbx5	Q96P16	3	2	0.3324	0.4279
gata4	Q96PK6	3	36	0.3529	0.3293
tbx5	Q96PK6	3	36	0.9999	0.0000
gata4	Q96PU8	3	1	0.6666	0.1767
tbx5	Q96PU8	3	1	0.6667	0.1340
gata4	Q96Q89	3	122	0.0000	0.5361
tbx5	Q96Q89	3	122	0.0077	0.5287
tbx5	Q96QD9	3	1	0.3333	0.3333
gata4	Q96QT6	3	19	0.0452	0.5171
tbx5	Q96QT6	3	19	0.5394	0.2444
tbx5	Q96RE7	3	1	0.3331	0.4234
gata4	Q96RN5	3	3	0.2222	0.4523
tbx5	Q96RN5	3	3	0.7745	0.0986
tbx5	Q96S55	3	14	0.5652	0.2183
gata4	Q96SB8	3	4	0.1105	0.4952
tbx5	Q96SB8	3	4	0.5554	0.2376
gata4	Q96ST3	3	21	0.0606	0.5124
tbx5	Q96ST3	3	21	0.9641	0.0027
tbx5	Q96T23	3	5	0.3390	0.3326
tbx5	Q96T58	3	10	0.8000	0.0743
gata4	Q96T60	3	1	0.3305	0.4295
tbx5	Q96T60	3	1	0.3324	0.4279
gata4	Q99459	3	8	0.0756	0.5071
tbx5	Q99459	3	8	0.9999	0.0000
tbx5	Q99460	3	8	0.8333	0.0534
tbx5	Q99496	3	8	0.9149	0.0213
tbx5	Q99536	3	1	0.0706	0.5092
tbx5	Q99549	3	1	0.6667	0.1340
gata4	Q99593	3	132	0.2170	0.4608
tbx5	Q99593	3	132	1.0000	0.0000
tbx5	Q99615	3	1	0.3333	0.3333
gata4	Q99623	3	11	0.6633	0.1932
tbx5	Q99623	3	11	0.6667	0.1340
tbx5	Q99626	3	3	0.4444	0.2899
gata4	Q99661	3	2	0.0000	0.5361
gata4	Q99729	3	5	1.0000	0.0000
tbx5	Q99729	3	5	0.2205	0.4603
gata4	Q99741	3	4	0.0033	0.5307
tbx5	Q99741	3	4	0.0131	0.5265
tbx5	Q99848	3	3	0.3333	0.3333
tbx5	Q99856	3	14	0.6667	0.1340
gata4	Q99959	3	4	0.2222	0.4523
tbx5	Q99959	3	4	0.4444	0.2899
gata4	Q9BQ04	3	1	0.3333	0.3333
gata4	Q9BQE3	3	1	1.0000	0.0000
gata4	Q9BQG0	3	6	0.5236	0.2501
tbx5	Q9BQG0	3	6	0.2987	0.4364
gata4	Q9BRJ7	3	2	0.3100	0.4348
tbx5	Q9BRK4	3	2	0.3333	0.3333
gata4	Q9BSD7	3	9	0.3076	0.4350
tbx5	Q9BSD7	3	9	0.6847	0.1264
tbx5	Q9BSM1	3	1	0.3333	0.3333
gata4	Q9BTC0	3	20	0.3854	0.3261
tbx5	Q9BTC0	3	20	0.4963	0.2784
tbx5	Q9BTC8	3	2	0.5000	0.2577
gata4	Q9BTV7	3	1	0.0098	0.5279
tbx5	Q9BTV7	3	1	0.1339	0.4849
gata4	Q9BU76	3	6	0.0730	0.5079
tbx5	Q9BU76	3	6	0.2642	0.4421
tbx5	Q9BUJ2	3	3	0.4440	0.3047
tbx5	Q9BV38	3	2	0.6667	0.1340
tbx5	Q9BVJ6	3	3	0.3333	0.3333
tbx5	Q9BVK6	3	1	0.3333	0.3333
gata4	Q9BW19	3	75	0.3273	0.4307
tbx5	Q9BW19	3	75	0.1419	0.4829
tbx5	Q9BW60	3	1	0.6638	0.1917
tbx5	Q9BWE0	3	12	1.0000	0.0000
tbx5	Q9BXA9	3	2	0.5000	0.2577
gata4	Q9BXS6	3	33	0.7776	0.0932
tbx5	Q9BXS6	3	33	0.6850	0.1258
gata4	Q9BY77	3	31	0.7269	0.1173
tbx5	Q9BY77	3	31	0.2578	0.4443
tbx5	Q9BYC2	3	1	0.6667	0.1340
tbx5	Q9BYN8	3	7	0.3333	0.3333
gata4	Q9BYW2	3	1	0.0779	0.5065
tbx5	Q9BYW2	3	1	0.4260	0.3125
tbx5	Q9BZE4	3	2	0.3228	0.4318
tbx5	Q9BZK7	3	3	0.4444	0.2899
gata4	Q9BZZ5	3	2	0.0294	0.5214
gata4	Q9C005	3	2	0.4810	0.2807
tbx5	Q9C005	3	2	0.4255	0.3132
gata4	Q9C037	3	1	0.6667	0.1340
tbx5	Q9C037	3	1	0.3333	0.3333
tbx5	Q9GZR2	3	5	0.3333	0.3333
tbx5	Q9GZR7	3	2	0.3333	0.3333
gata4	Q9H0A0	3	35	0.9574	0.0043
tbx5	Q9H0A0	3	35	0.0790	0.5063
gata4	Q9H0D6	3	11	0.1111	0.4899
tbx5	Q9H0D6	3	11	0.6450	0.1975
gata4	Q9H0E3	3	7	0.0803	0.5057
tbx5	Q9H0E3	3	7	0.6824	0.1287
tbx5	Q9H0E9	3	1	0.3333	0.3333
tbx5	Q9H0H5	3	4	0.4416	0.3081
tbx5	Q9H0S4	3	5	0.7773	0.0952
gata4	Q9H0U4	3	4	0.5264	0.2486
tbx5	Q9H0U4	3	4	0.1057	0.4970
tbx5	Q9H147	3	3	0.3333	0.3333
tbx5	Q9H160	3	1	0.6667	0.1340
tbx5	Q9H1A4	3	9	0.5333	0.2458
gata4	Q9H1E3	3	2	0.1667	0.4696
tbx5	Q9H1E3	3	2	0.5000	0.2577
gata4	Q9H2P0	3	22	0.3057	0.4356
tbx5	Q9H2P0	3	22	0.7508	0.1069
tbx5	Q9H2Y7	3	4	0.4403	0.3087
tbx5	Q9H2Z4	3	2	0.5000	0.2577
tbx5	Q9H307	3	14	0.4075	0.3199
gata4	Q9H3N1	3	1	0.3333	0.3333
tbx5	Q9H444	3	1	0.6665	0.1840
tbx5	Q9H4B6	3	2	0.5000	0.2577
tbx5	Q9H5H4	3	5	0.3333	0.3333
tbx5	Q9H6F5	3	6	0.5157	0.2515
gata4	Q9H6K5	3	7	0.1632	0.4796
tbx5	Q9H6K5	3	7	0.0900	0.5023
tbx5	Q9H6R4	3	7	0.3333	0.3333
tbx5	Q9H6S0	3	2	0.5000	0.2577
tbx5	Q9H6W3	3	1	0.3333	0.3333
tbx5	Q9H7E9	3	1	0.3333	0.3333
gata4	Q9H7L9	3	2	0.1625	0.4799
tbx5	Q9H7L9	3	2	0.4999	0.2714
tbx5	Q9H8E8	3	14	0.0373	0.5203
tbx5	Q9H981	3	1	0.3333	0.3333
tbx5	Q9H9B1	3	5	0.7777	0.0907
tbx5	Q9H9B4	3	1	0.3333	0.3333
tbx5	Q9HAH7	3	3	0.3333	0.3333
gata4	Q9HAU0	3	16	0.1713	0.4684
tbx5	Q9HAU0	3	16	0.5122	0.2526
tbx5	Q9HAV0	3	1	0.6667	0.1340
tbx5	Q9HAZ2	3	2	0.5000	0.2577
tbx5	Q9HBE1	3	3	0.3333	0.3333
tbx5	Q9HBM6	3	1	0.3333	0.3333
tbx5	Q9HC52	3	11	0.7700	0.0991
tbx5	Q9HCD5	3	16	0.7917	0.0787
tbx5	Q9HCK0	3	2	0.3333	0.3333
gata4	Q9HCK8	3	20	0.1333	0.4854
tbx5	Q9HCK8	3	20	0.8824	0.0381
tbx5	Q9HCS7	3	1	0.3333	0.3333
gata4	Q9HCU5	3	1	0.3333	0.3333
tbx5	Q9HD33	3	3	0.3333	0.3333
tbx5	Q9HD42	3	2	0.6667	0.1340
gata4	Q9HDC9	3	2	0.6667	0.1340
gata4	Q9NNW5	3	4	0.7777	0.0907
tbx5	Q9NNW5	3	4	0.1111	0.4899
gata4	Q9NP64	3	6	0.0000	0.5361
tbx5	Q9NP66	3	5	0.5553	0.2386
gata4	Q9NPF5	3	8	0.0833	0.5036
tbx5	Q9NPF5	3	8	0.8333	0.0534
gata4	Q9NPG3	3	26	0.0178	0.5251
tbx5	Q9NPG3	3	26	0.3946	0.3235
tbx5	Q9NPJ6	3	1	0.3333	0.3333
tbx5	Q9NQ55	3	2	0.3333	0.3333
tbx5	Q9NQS7	3	16	0.9160	0.0208
tbx5	Q9NQW6	3	6	0.0968	0.4999
tbx5	Q9NQX4	3	1	0.3333	0.3333
gata4	Q9NR30	3	6	0.1111	0.4899
tbx5	Q9NR30	3	6	0.7778	0.0805
tbx5	Q9NRG9	3	1	0.3332	0.4193
gata4	Q9NRH3	3	1	0.3333	0.3333
tbx5	Q9NRL2	3	2	0.3333	0.3333
tbx5	Q9NRR5	3	2	0.3331	0.4234
gata4	Q9NRW1	3	1	1.0000	0.0000
tbx5	Q9NRW1	3	1	0.6667	0.1340
tbx5	Q9NRZ9	3	3	0.5536	0.2403
tbx5	Q9NS73	3	12	0.2038	0.4622
tbx5	Q9NSC2	3	18	0.7407	0.1128
gata4	Q9NTJ3	3	6	0.3331	0.4234
tbx5	Q9NTJ3	3	6	0.6659	0.1886
gata4	Q9NTJ5	3	1	0.3188	0.4332
gata4	Q9NUP9	3	2	0.1667	0.4696
tbx5	Q9NUP9	3	2	0.1667	0.4696
gata4	Q9NUQ3	3	4	0.6667	0.1340
gata4	Q9NV96	3	1	0.6792	0.1299
tbx5	Q9NV96	3	1	0.0512	0.5154
gata4	Q9NVD3	3	2	0.3333	0.3333
tbx5	Q9NVD3	3	2	0.6667	0.1340
gata4	Q9NVI7	3	5	0.6588	0.1944
tbx5	Q9NVI7	3	5	0.3333	0.3333
tbx5	Q9NVN8	3	10	1.0000	0.0000
tbx5	Q9NVP1	3	7	0.3333	0.3333
gata4	Q9NW13	3	3	0.0000	0.5361
tbx5	Q9NW13	3	3	0.2749	0.4403
tbx5	Q9NW64	3	2	0.3333	0.3333
gata4	Q9NWB6	3	4	0.0187	0.5242
gata4	Q9NWH9	3	12	0.3496	0.3300
tbx5	Q9NWH9	3	12	0.6232	0.2042
tbx5	Q9NX58	3	1	0.3333	0.3333
tbx5	Q9NXF1	3	2	0.5000	0.2577
gata4	Q9NXV6	3	12	0.2401	0.4487
tbx5	Q9NXV6	3	12	0.3520	0.3297
gata4	Q9NXW2	3	1	0.6638	0.1917
gata4	Q9NY93	3	1	0.6667	0.1340
gata4	Q9NYF8	3	11	0.1129	0.4886
tbx5	Q9NYF8	3	11	0.5537	0.2400
gata4	Q9NYZ3	3	46	0.3699	0.3271
tbx5	Q9NYZ3	3	46	0.1998	0.4634
gata4	Q9NZ01	3	5	0.6267	0.2025
tbx5	Q9NZ01	3	5	0.6650	0.1902
gata4	Q9NZB2	3	10	0.0221	0.5231
tbx5	Q9NZB2	3	10	0.7331	0.1148
gata4	Q9NZI8	3	7	0.1389	0.4834
tbx5	Q9NZI8	3	7	0.0796	0.5060
tbx5	Q9NZM1	3	1	0.1482	0.4826
tbx5	Q9P013	3	1	0.3324	0.4279
tbx5	Q9P0J0	3	1	0.6667	0.1340
gata4	Q9P0K7	3	4	0.1111	0.4899
tbx5	Q9P0K7	3	4	0.4444	0.2899
tbx5	Q9P0L0	3	21	0.8167	0.0694
gata4	Q9P0M6	3	16	0.2611	0.4432
tbx5	Q9P0M6	3	16	0.7749	0.0981
tbx5	Q9P0T4	3	1	0.3333	0.3333
tbx5	Q9P0U3	3	1	0.3333	0.3333
gata4	Q9P0U4	3	1	0.3333	0.3333
tbx5	Q9P1T7	3	2	0.4991	0.2756
gata4	Q9P258	3	9	0.0907	0.5020
tbx5	Q9P258	3	9	0.4449	0.2896
gata4	Q9P270	3	10	0.0000	0.5361
tbx5	Q9P270	3	10	0.1321	0.4857
gata4	Q9P2E9	3	1	0.6667	0.1340
gata4	Q9P2N5	3	3	0.4170	0.3163
tbx5	Q9P2N5	3	3	0.2473	0.4473
tbx5	Q9P2P1	3	5	0.6664	0.1860
tbx5	Q9UBL3	3	3	0.5556	0.2208
tbx5	Q9UBM7	3	1	0.3333	0.3333
gata4	Q9UBU8	3	3	0.0045	0.5299
tbx5	Q9UBU8	3	3	0.0922	0.5012
tbx5	Q9UBV8	3	3	0.3333	0.3333
tbx5	Q9UBW7	3	8	1.0000	0.0000
tbx5	Q9UEG4	3	4	0.6666	0.1767
gata4	Q9UFW8	3	3	0.0000	0.5361
tbx5	Q9UFW8	3	3	0.0000	0.5361
tbx5	Q9UGF6	3	1	0.3333	0.3333
tbx5	Q9UGP8	3	1	0.9997	0.0000
tbx5	Q9UGU0	3	13	0.6667	0.1340
tbx5	Q9UHB6	3	7	0.3333	0.3333
tbx5	Q9UHB9	3	1	0.3331	0.4234
gata4	Q9UHD8	3	2	0.1667	0.4696
tbx5	Q9UHD8	3	2	0.1667	0.4696
tbx5	Q9UHR4	3	13	0.7143	0.1209
gata4	Q9UHR5	3	2	0.3333	0.3333
tbx5	Q9UHR5	3	2	0.1667	0.4696
tbx5	Q9UIF9	3	2	0.5000	0.2577
gata4	Q9UIG0	3	24	0.2497	0.4471
tbx5	Q9UIG0	3	24	0.6260	0.2028
tbx5	Q9UIS9	3	2	0.3333	0.3333
tbx5	Q9UJQ4	3	2	0.4998	0.2736
tbx5	Q9UJV9	3	1	0.3333	0.3333
gata4	Q9UJX2	3	10	0.0663	0.5103
tbx5	Q9UJX2	3	10	0.7999	0.0760
gata4	Q9UJX3	3	16	0.8324	0.0620
tbx5	Q9UJX3	3	16	0.9583	0.0034
tbx5	Q9UJX4	3	4	0.3333	0.3333
tbx5	Q9UJX5	3	2	0.3333	0.3333
tbx5	Q9UJX6	3	1	0.6667	0.1340
tbx5	Q9UK61	3	2	0.5000	0.2577
tbx5	Q9UKB1	3	4	0.3333	0.3333
tbx5	Q9UKD2	3	4	0.3333	0.3333
tbx5	Q9UKJ3	3	1	0.3333	0.3333
tbx5	Q9UKL0	3	7	0.9167	0.0170
gata4	Q9UKM9	3	7	0.6839	0.1275
tbx5	Q9UKM9	3	7	0.1865	0.4661
tbx5	Q9UKN8	3	3	0.5555	0.2308
tbx5	Q9UKV3	3	15	0.5804	0.2140
tbx5	Q9UL17	3	2	0.5000	0.2577
tbx5	Q9UL54	3	1	0.3333	0.3333
gata4	Q9ULD2	3	10	0.4373	0.3090
tbx5	Q9ULD2	3	10	0.2511	0.4462
tbx5	Q9ULD9	3	2	0.3333	0.3333
tbx5	Q9ULJ6	3	2	0.5000	0.2577
tbx5	Q9ULK4	3	1	0.3333	0.3333
tbx5	Q9ULL5	3	1	0.3333	0.3333
gata4	Q9ULM3	3	49	0.0000	0.5361
tbx5	Q9ULM3	3	49	0.1337	0.4852
tbx5	Q9ULU4	3	2	0.5000	0.2577
tbx5	Q9ULV3	3	7	0.8333	0.0534
tbx5	Q9ULV4	3	3	0.4444	0.2899
gata4	Q9ULW0	3	14	0.4840	0.2804
tbx5	Q9ULW0	3	14	0.7762	0.0972
gata4	Q9ULX6	3	5	0.5555	0.2308
tbx5	Q9ULX6	3	5	0.6666	0.1767
gata4	Q9UM13	3	2	0.3333	0.3333
tbx5	Q9UM13	3	2	0.5000	0.2577
tbx5	Q9UM54	3	9	0.3333	0.3333
gata4	Q9UMS4	3	11	0.2150	0.4610
tbx5	Q9UMS4	3	11	0.8741	0.0406
tbx5	Q9UNM6	3	1	0.3333	0.3333
gata4	Q9UNZ5	3	12	0.1830	0.4666
tbx5	Q9UNZ5	3	12	0.2898	0.4377
tbx5	Q9UPN9	3	15	1.0000	0.0000
gata4	Q9UPP1	3	5	0.1049	0.4975
tbx5	Q9UPP1	3	5	0.5525	0.2410
gata4	Q9UPW6	3	17	0.2222	0.4523
tbx5	Q9UPW6	3	17	0.8519	0.0476
gata4	Q9UQ35	3	17	0.7665	0.1020
tbx5	Q9UQ35	3	17	0.7219	0.1194
gata4	Q9UQ80	3	1	0.3333	0.3333
tbx5	Q9UQB8	3	32	1.0000	0.0000
gata4	Q9UQE7	3	4	0.4444	0.2899
tbx5	Q9UQE7	3	4	0.4444	0.2899
gata4	Q9UQN3	3	6	0.5089	0.2548
tbx5	Q9UQN3	3	6	0.4330	0.3100
tbx5	Q9UQR0	3	1	0.9991	0.0000
tbx5	Q9UQR1	3	1	0.3333	0.3333
gata4	Q9Y224	3	4	0.4499	0.2889
tbx5	Q9Y224	3	4	0.3333	0.3333
gata4	Q9Y230	3	26	0.5282	0.2483
tbx5	Q9Y230	3	26	0.8955	0.0271
gata4	Q9Y237	3	10	0.9480	0.0060
tbx5	Q9Y237	3	10	0.1206	0.4870
gata4	Q9Y265	3	20	0.5655	0.2180
tbx5	Q9Y265	3	20	0.9208	0.0153
tbx5	Q9Y277	3	1	0.3333	0.3333
tbx5	Q9Y294	3	3	0.3114	0.4344
tbx5	Q9Y2Q9	3	2	0.3333	0.3333
tbx5	Q9Y2R4	3	2	0.3333	0.3333
tbx5	Q9Y2R5	3	1	0.3333	0.3333
tbx5	Q9Y2R9	3	6	0.3333	0.3333
gata4	Q9Y2S6	3	3	0.2288	0.4508
tbx5	Q9Y2W1	3	13	0.5739	0.2148
tbx5	Q9Y2X0	3	2	0.3333	0.3333
gata4	Q9Y2X3	3	12	0.1814	0.4668
tbx5	Q9Y2X3	3	12	0.8248	0.0662
tbx5	Q9Y2X9	3	4	0.5554	0.2376
tbx5	Q9Y383	3	2	0.0150	0.5256
gata4	Q9Y3A2	3	4	0.0110	0.5271
tbx5	Q9Y3A2	3	4	0.0113	0.5268
tbx5	Q9Y3B4	3	1	0.3333	0.3333
tbx5	Q9Y3B9	3	4	0.3331	0.4234
tbx5	Q9Y3C6	3	1	1.0000	0.0000
tbx5	Q9Y3D3	3	3	0.3333	0.3333
tbx5	Q9Y3D9	3	3	0.3333	0.3333
gata4	Q9Y3I0	3	6	1.0000	0.0000
tbx5	Q9Y3I0	3	6	0.7777	0.0907
tbx5	Q9Y3U8	3	4	0.4444	0.2899
gata4	Q9Y3Y2	3	6	0.9082	0.0238
tbx5	Q9Y3Y2	3	6	0.8272	0.0652
tbx5	Q9Y458	3	1	0.3333	0.3333
tbx5	Q9Y467	3	14	0.9462	0.0070
tbx5	Q9Y483	3	1	1.0000	0.0000
gata4	Q9Y4A5	3	21	0.0000	0.5361
tbx5	Q9Y4A5	3	21	0.0006	0.5333
gata4	Q9Y4P3	3	2	0.4994	0.2746
tbx5	Q9Y4P3	3	2	0.3333	0.3333
tbx5	Q9Y4W2	3	3	0.5555	0.2308
gata4	Q9Y520	3	2	0.3333	0.3333
tbx5	Q9Y586	3	2	0.5000	0.2577
gata4	Q9Y5A9	3	1	0.3333	0.3333
gata4	Q9Y5B9	3	51	0.1490	0.4824
tbx5	Q9Y5B9	3	51	0.8295	0.0636
tbx5	Q9Y5K5	3	4	0.4444	0.2899
gata4	Q9Y5M8	3	3	0.2221	0.4585
tbx5	Q9Y5M8	3	3	0.4444	0.2899
tbx5	Q9Y5S9	3	3	0.3041	0.4358
tbx5	Q9Y618	3	2	0.5000	0.2577
tbx5	Q9Y676	3	4	0.3333	0.3333
tbx5	Q9Y6A9	3	1	0.3333	0.3333
gata4	Q9Y6J0	3	53	0.0184	0.5245
tbx5	Q9Y6J0	3	53	0.6560	0.1954
tbx5	Q9Y6Q9	3	1	0.3333	0.3333
