"","Gene","Blinded.ID","Cardiac.Category","NDD","CHR","POS","REF","ALT","pLI.Score","norm_mutperkb","specificity_score","phyloP","scaled.CADD","mult_score","add_score","pLI.rank","mutperkb.rank","specificity.rank","phyloP.rank","CADD.rank","AddedRank"
"4","ARID1A","1-03581","CTD","Yes",1,27106423,"G","C",1,0.869179401883963,0.15764002604195,0.934450468210941,0.429882222184083,0.0550404143708914,3.39115211832094,56,9,26,62,36,189
"7","CCAR1","1-01987","LVO","No",10,70531022,"A","G",1,0.908191489035811,0.179919371523469,0.428782651552489,0.332093670677816,0.0232676840101381,2.84898718278958,56,19.5,42.5,13,19,150
"16","KMT2A","1-05551","CTD (TGA)","No",11,118352674,"G","T",1,0.898098726631635,0.170244910266508,0.869886643666831,0.381273498896554,0.0507104541612808,3.31950377946153,56,17.5,35,37.5,24,170
"17","KMT2A","1-10274","other","Yes",11,118368773,"CA","C",1,0.898098726631635,0.170244910266508,0.869886643666831,0.486061094221266,0.0646475008345046,3.42429137478624,56,17.5,35,37.5,52,198
"20","TBX5","1-07247","Other","No",12,114823356,"A","G",0.99,0.93704325282159,0.654776992067977,0.260719566288812,0.418892052487995,0.0663382466439609,3.26143186366637,40,39,67,2,33,181
"22","TBX5","1-03626","other","No",12,114839630,"C","T",0.99,0.93704325282159,0.654776992067977,0.994085756530311,0.466624489729087,0.281760183970667,4.04253049114897,40,39,67,64,44,254
"24","CHD4","1-05181","other","Yes",12,6692391,"A","C",1,0.945773958352816,0.185227289815056,1,0.439184821194838,0.07693777912815,3.57018606936271,56,49,45,67,38,255
"25","CHD4","GT04011733","LVO","Yes",12,6701645,"C","A",1,0.945773958352816,0.185227289815056,0.884179398718581,0.403551523035256,0.0625074390897869,3.41873216992171,56,49,45,46,31,227
"26","CHD4","1-08225","CTD","Unknown",12,6710648,"C","T",1,0.945773958352816,0.185227289815056,0.869886643666831,0.406641999668187,0.0619679628118857,3.40752989150289,56,49,45,37.5,32,219.5
"27","UTP14C","1-06937","other","No",13,52604123,"C","G",0.045,0.9971476184425,0.170244910266508,0.869886643666831,0.0103768483727258,6.8956346059394e-05,2.09265602074856,9.5,67.5,35,37.5,2,151.5
"28","UTP14C","1-06937","other","No",13,52604139,"A","C",0.045,0.9971476184425,0.170244910266508,0.869886643666831,0.011672339247771,7.7565156161236e-05,2.09395151162361,9.5,67.5,35,37.5,3,152.5
"29","GPHN","1-04647","LVO","No",14,67431929,"C","T",1,0.782561920734252,0.2162765521044,0.413504189255791,0.453155981086267,0.0317143473976481,2.86549864318071,56,2,55,11,40,164
"33","TCF12","1-02940","LVO","Yes",15,57545466,"C","T",0.97,0.853958102618655,0.0382281098835914,0.869886643666831,0.789502854636928,0.0217474074293838,3.52157571080601,36,6,2,37.5,66,147.5
"38","SMCHD1","1-04852","other","No",18,2763713,"A","G",1,0.915813242375936,0.134254332348102,0.925579103006407,0.134153830614815,0.0152669346652626,3.10980050834526,56,27,21,59,6,169
"39","SMCHD1","1-03394","CTD","No",18,2769801,"C","T",1,0.915813242375936,0.134254332348102,0.878758008871365,0.296973183319159,0.0320864565437504,3.22579876691456,56,27,21,44.5,15,163.5
"41","DNAJB1","1-02437","HTX","Unknown",19,14626809,"GA","G",0.37,0.945240518725936,0.170244910266508,0.869886643666831,0.511390337693655,0.0264870365973617,2.86676241035293,23,47,35,37.5,54,196.5
"44","DNMT3A","1-02641","other","Unknown",2,25469630,"C","T",0.045,0.858261236489852,0.311574944140857,0.865943814687038,0.22165391198987,0.00230972168971845,2.30243390730762,9.5,8,62,31,10,120.5
"45","ZNF638","1-02038","CTD","Unknown",2,71597100,"G","A",1,0.844446296483264,0.170244910266508,0.716116313454904,0.382642671185004,0.039393370358804,3.11345019138968,56,4,35,24,25,144
"53","RBM27","1-04210","CTD","Yes",5,145631358,"G","A",1,0.870817929402586,0.150402910871477,0.869886643666831,0.378404756958849,0.0431124649025021,3.26951224089974,56,10,24,37.5,22,149.5
"58","ACTB","1-06347","other","Yes",7,5568089,"C","T",0.94,0.95403051589838,0.168020467432494,0.900936421882701,0.327382992041421,0.0444429180684863,3.290370397255,33,53,29,51,18,184
"59","ACTB","1-06528","other","No",7,5568826,"AG","A",0.94,0.95403051589838,0.168020467432494,0.835879743716116,0.458544785180705,0.0577534414342787,3.3564755122277,33,53,29,27,43,185
"60","ACTB","1-05094","CTD","Unknown",7,5569212,"G","A",0.94,0.95403051589838,0.168020467432494,0.350911779201577,0.320286396793448,0.0169351383482045,2.7332491593259,33,53,29,8,17,140
"61","BAZ1B","1-00229","LVO","No",7,72858408,"G","C",1,0.872683321611208,0.132463245127482,0.923114834894036,0.091448004496243,0.00975847670523888,3.01970940612897,56,11,18,56,5,146
"63","GATA4","1-06752","CTD","No",8,11615889,"TCTCCCGTCAG","T",0.8,0.919046657799198,0.452909831476589,0.301626416954165,0.479642624431336,0.0481755233125155,2.95322553066129,27.5,32,64,4,48,175.5
"65","TSC1","1-04798","LVO","No",9,135771808,"C","A",1,0.936254528794889,0.212534670196807,0.89847215377033,0.169923542957448,0.0303795889371654,3.21718489571947,56,36,51,48,7,198
"66","TSC1","1-03742","CTD (TGA)","Unknown",9,135779103,"G","A",1,0.936254528794889,0.212534670196807,0.869886643666831,0.388582458378879,0.0672619681598695,3.40725830103741,56,36,51,37.5,26,206.5
"67","TSC1","1-05915","LVO","Unknown",9,135781073,"GCTTT","G",1,0.936254528794889,0.212534670196807,1,0.456428343296599,0.09082310021268,3.60521754228829,56,36,51,67,42,252
