"","Gene","Blinded.ID","Cardiac.Category","NDD","CHR","POS","REF","ALT","pLI.Score","norm_mutperkb","specificity_score","phyloP","mult_score","add_score"
"1","CHD7","1-04274","CTD","No",8,61761097,"T","C",1,0.870437919396464,0.304780984150728,0.217050465458109,0.0575819530093506,2.44985132201465
"2","CHD7","1-06528","other","No",8,61765615,"C","T",1,0.870437919396464,0.304780984150728,0.416952474277315,0.110614541785457,2.70278591960996
"3","CHD7","1-06762","LVO","Unknown",8,61768672,"C","T",1,0.870437919396464,0.304780984150728,0.870651641352278,0.23097772121358,3.27684826611305
"4","CHD7","1-07848","LVO","Unknown",8,61768660,"G","A",1,0.870437919396464,0.304780984150728,0.870651641352278,0.23097772121358,3.27684826611305
"5","CHD7","1-01111","CTD","Unknown",8,61761073,"G","C",1,0.870437919396464,0.304780984150728,0.907888290053895,0.240856340691482,3.32396353429257
"6","CHD7","1-07370","CTD","Yes",8,61769130,"C","T",1,0.870437919396464,0.304780984150728,0.926016658500735,0.245665668595198,3.34690123064312
"7","CHD7","1-07407","other (AVC)","Unknown",8,61765059,"G","A",1,0.870437919396464,0.304780984150728,0.932386085252327,0.24735543245326,3.35496042125278
"8","CHD7","1-07451","CTD","No",8,61764721,"AC","A",1,0.870437919396464,0.304780984150728,0.932386085252327,0.24735543245326,3.35496042125278
"9","CHD7","1-04775","LVO","Unknown",8,61761714,"G","A",1,0.870437919396464,0.304780984150728,1,0.265292925715766,3.44051182926296
"12","GATA4","1-06752","CTD","No",8,11615889,"TCTCCCGTCAG","T",0.8,0.842946856596918,0.69170089505767,0.926016658500735,0.431943874538724,3.69260828469405
"13","GATA6","1-04280","CTD (TGA)","No",18,19761477,"C","G",0.97,0.885211154726041,0.614173054695916,0.265066144047036,0.139785985152015,2.87423633862101
"14","GATA6","1-02568","CTD","No",18,19761432,"G","T",0.97,0.885211154726041,0.614173054695916,0.807937285644292,0.426075951045605,3.70339744611185
"15","GATA6","1-02980","CTD","No",18,19752114,"TA","T",0.97,0.885211154726041,0.614173054695916,0.870651641352278,0.459149160101905,3.79918501087614
"16","GATA6","1-09834","CTD","Unknown",18,19751800,"G","GCCCT",0.97,0.885211154726041,0.614173054695916,0.994120529152376,0.524262040431494,3.98776677900583
"27","SMARCC1","1-00466","other","Yes",3,47651726,"A","G",1,0.837004029181248,0.192064080897698,0.86281234688878,0.138704340645241,3.03058479761297
"29","UTP14C","1-06937","other","No",13,52604123,"C","G",0.001,0.906864509801671,0.257760664766085,0.395884370406663,9.25395546842688e-05,1.5616020845291
"30","UTP14C","1-06937","other","No",13,52604139,"A","C",0.001,0.906864509801671,0.257760664766085,0.790788829005389,0.000184850051064864,1.95659885362421
