Gene,Blinded.ID,Cardiac.Category,NDD,CHR,POS,REF,ALT,pLI.Score,norm_mutperkb,specificity_score,phyloP,scaled.CADD,mult_score,add_score,pLI.rank,mutperkb.rank,specificity.rank,phyloP.rank,CADD.rank,AddedRank
CHD1L,1-04263,other,Yes,1,146714460,T,TA,0.045,0.938144323789542,0.227080799962964,0.916214884179399,0.339857541376503,0.00298508593740696,2.46629754930841,9.5,42,58,54.5,20,184
CHD1L,1-02775,CTD (TGA),Unknown,1,146731489,A,G,0.045,0.938144323789542,0.227080799962964,0.862000985707245,0.448020179435448,0.00370226859078677,2.5202462888952,9.5,42,58,30,39,178.5
CHD1L,1-03343,HTX,Yes,1,146767188,T,G,0.045,0.938144323789542,0.227080799962964,0.907343518974864,0.00518842418636288,4.51304642581649e-05,2.12275706691373,9.5,42,58,53,1,163.5
ARID1A,1-03581,CTD,Yes,1,27106423,G,C,1,0.869179401883963,0.15764002604195,0.934450468210941,0.429882222184083,0.0550404143708914,3.39115211832094,56,9,26,62,36,189
MKNK1,1-05818,CTD (TGA),Unknown,1,47027279,A,T,0.045,0.886379103985333,0.223492876523587,0.869886643666831,0.598152224024639,0.00463842023655639,2.62291084820039,9.5,14,56,37.5,55,172
CCAR1,1-03120,LVO,No,10,70507317,CA,C,1,0.908191489035811,0.179919371523469,0.869886643666831,0.456408024191965,0.0648740911949486,3.41440552841808,56,19.5,42.5,37.5,41,196.5
CCAR1,1-01987,LVO,No,10,70531022,A,G,1,0.908191489035811,0.179919371523469,0.428782651552489,0.332093670677816,0.0232676840101381,2.84898718278958,56,19.5,42.5,13,19,150
KIF20B,1-01989,CTD (TGA),No,10,91465089,CA,C,0.045,0.966297488985897,0.0861590972100494,0.441103992114342,0.354988369778508,0.000586650732891785,1.8935489480888,9.5,58.5,8.5,17,21,114.5
KIF20B,1-05070,LVO,Unknown,10,91469742,TA,T,0.045,0.966297488985897,0.0861590972100494,0.437654016757023,0.240770835811574,0.000394783782311822,1.77588143876454,9.5,58.5,8.5,15,12,103.5
KIF20B,1-02752,LVO,Unknown,10,91474909,C,T,0.045,0.966297488985897,0.0861590972100494,0.900936421882701,0.743814657412991,0.00251063385610473,2.74220766549164,9.5,58.5,8.5,51,64,191.5
KIF20B,1-04270,CTD (TGA),Yes,10,91477422,CT,C,0.045,0.966297488985897,0.0861590972100494,0.848693937900444,0.381219742042062,0.00121213498931459,2.32737026613845,9.5,58.5,8.5,28.5,23,128
KIF20B,1-10349,other (AVC),Yes,10,91498372,AAAGT,A,0.045,0.966297488985897,0.0861590972100494,0.447018235584032,0.48582436678864,0.000813633904950238,2.03029918856862,9.5,58.5,8.5,18.5,51,146
KIF20B,1-05211,LVO,No,10,91503664,C,T,0.045,0.966297488985897,0.0861590972100494,0.806801379990143,0.797042722002493,0.00240919934999037,2.70130068818858,9.5,58.5,8.5,25.5,67,169
KIF20B,1-00148,LVO,No,10,91532485,C,G,0.045,0.966297488985897,0.0861590972100494,0.899457861015278,0.732386739239407,0.00246800365475019,2.72930118645063,9.5,58.5,8.5,49,60.5,186
KIF20B,1-06809,CTD (TGA),No,10,91532485,C,G,0.045,0.966297488985897,0.0861590972100494,0.806801379990143,0.732386739239407,0.00221376547004168,2.6366447054255,9.5,58.5,8.5,25.5,60.5,162.5
KMT2A,1-05551,CTD (TGA),No,11,118352674,G,T,1,0.898098726631635,0.170244910266508,0.869886643666831,0.381273498896554,0.0507104541612808,3.31950377946153,56,17.5,35,37.5,24,170
KMT2A,1-10274,other,Yes,11,118368773,CA,C,1,0.898098726631635,0.170244910266508,0.869886643666831,0.486061094221266,0.0646475008345046,3.42429137478624,56,17.5,35,37.5,52,198
TRIM21,1-00344,CTD (TGA),No,11,4411562,AG,A,0.09,0.968045055434192,0.205893004612802,0.439132577624446,0.401394837487604,0.00316189257948872,2.10446547515904,19.5,63,47,16,30,175.5
NUMA1,1-04719,CTD,Unknown,11,71721846,G,A,1,0.874852447522708,0.0764562197671828,1,0.809653192338475,0.0541560106632444,3.76096185962837,56,12,4,67,68,207
TBX5,1-07247,Other,No,12,114823356,A,G,0.99,0.93704325282159,0.654776992067977,0.260719566288812,0.418892052487995,0.0663382466439609,3.26143186366637,40,39,67,2,33,181
TBX5,1-05525,CTD,No,12,114832545,C,A,0.99,0.93704325282159,0.654776992067977,0.469689502217841,0.478853039807099,0.136615930761096,3.53036278691451,40,39,67,23,47,216
TBX5,1-03626,other,No,12,114839630,C,T,0.99,0.93704325282159,0.654776992067977,0.994085756530311,0.466624489729087,0.281760183970667,4.04253049114897,40,39,67,64,44,254
SENP1,1-04960,CTD,Unknown,12,48468578,T,A,0.99,0.883611537634187,0.166828276454548,0.293740758994579,0.427401614599454,0.0183217353972113,2.76158218768277,40,13,27,3,35,118
CHD4,1-05181,other,Yes,12,6692391,A,C,1,0.945773958352816,0.185227289815056,1,0.439184821194838,0.07693777912815,3.57018606936271,56,49,45,67,38,255
CHD4,GT04011733,LVO,Yes,12,6701645,C,A,1,0.945773958352816,0.185227289815056,0.884179398718581,0.403551523035256,0.0625074390897869,3.41873216992171,56,49,45,46,31,227
CHD4,1-08225,CTD,Unknown,12,6710648,C,T,1,0.945773958352816,0.185227289815056,0.869886643666831,0.406641999668187,0.0619679628118857,3.40752989150289,56,49,45,37.5,32,219.5
UTP14C,1-06937,other,No,13,52604123,C,G,0.045,0.9971476184425,0.170244910266508,0.869886643666831,0.0103768483727258,6.8956346059394e-05,2.09265602074856,9.5,67.5,35,37.5,2,151.5
UTP14C,1-06937,other,No,13,52604139,A,C,0.045,0.9971476184425,0.170244910266508,0.869886643666831,0.011672339247771,7.7565156161236e-05,2.09395151162361,9.5,67.5,35,37.5,3,152.5
GPHN,1-04647,LVO,No,14,67431929,C,T,1,0.782561920734252,0.2162765521044,0.413504189255791,0.453155981086267,0.0317143473976481,2.86549864318071,56,2,55,11,40,164
FAM98B,1-02430,other (AVC),No,15,38762592,C,T,0.39,0.940417125738963,0.174885213527453,0.461310990635781,0.731187714793156,0.0216352000674089,2.69780104469535,24.5,45.5,40.5,21,59,190.5
FAM98B,1-00853,CTD,Yes,15,38773662,T,C,0.39,0.940417125738963,0.174885213527453,0.427796944307541,0.430319181570138,0.0118077353719969,2.3634184651441,24.5,45.5,40.5,12,37,159.5
TCF12,1-03077,other,Yes,15,57523399,GTTATCCA,G,0.97,0.853958102618655,0.0382281098835914,0.447018235584032,0.4827641715398,0.0068336289657507,2.79196861962608,36,6,2,18.5,49,111.5
TCF12,1-02940,LVO,Yes,15,57545466,C,T,0.97,0.853958102618655,0.0382281098835914,0.869886643666831,0.789502854636928,0.0217474074293838,3.52157571080601,36,6,2,37.5,66,147.5
TCF12,1-06058,LVO,Yes,15,57555309,G,A,0.97,0.853958102618655,0.0382281098835914,0.925579103006407,0.469610707655232,0.0137639363376449,3.25737602316389,36,6,2,59,45,148
NUP88,1-00004,CTD (TGA),Unknown,17,5314065,AT,A,0.045,0.886550635271648,0.238134142763776,1,0.269926975505221,0.00256438964763956,2.43961175354065,9.5,15,61,67,14,166.5
SMCHD1,1-04132,CTD,Unknown,18,2697926,GT,G,1,0.915813242375936,0.134254332348102,0.900936421882701,0.392626946565292,0.0434920095853634,3.34363094317203,56,27,21,51,28,183
SMCHD1,1-05486,other,Yes,18,2740770,C,A,1,0.915813242375936,0.134254332348102,0.945293247905372,0.761096253176833,0.0884588660566346,3.75645707580624,56,27,21,63,65,232
SMCHD1,1-04852,other,No,18,2763713,A,G,1,0.915813242375936,0.134254332348102,0.925579103006407,0.134153830614815,0.0152669346652626,3.10980050834526,56,27,21,59,6,169
SMCHD1,1-03394,CTD,No,18,2769801,C,T,1,0.915813242375936,0.134254332348102,0.878758008871365,0.296973183319159,0.0320864565437504,3.22579876691456,56,27,21,44.5,15,163.5
SMCHD1,1-01880,LVO,Yes,18,2784610,G,T,1,0.915813242375936,0.134254332348102,1,0.740400160106654,0.0910336030475224,3.79046773483069,56,27,21,67,62,233
DNAJB1,1-02437,HTX,Unknown,19,14626809,GA,G,0.37,0.945240518725936,0.170244910266508,0.869886643666831,0.511390337693655,0.0264870365973617,2.86676241035293,23,47,35,37.5,54,196.5
C19orf47,1-09229,CTD (TGA),Unknown,19,40842083,CTCAT,C,0.8,0.917069864599439,0.170244910266508,0.394775751601774,0.483390315599095,0.0238349892733474,2.76548084206682,27.5,30,35,9,50,151.5
ZNF837,1-06082,other,Yes,19,58880258,AG,A,0.26,0.949928971240937,0.170244910266508,0.925579103006407,0.183435648902443,0.00713897562694778,2.48918863341629,21.5,51,35,59,8,174.5
DNMT3A,1-02641,other,Unknown,2,25469630,C,T,0.045,0.858261236489852,0.311574944140857,0.865943814687038,0.22165391198987,0.00230972168971845,2.30243390730762,9.5,8,62,31,10,120.5
ZNF638,1-02038,CTD,Unknown,2,71597100,G,A,1,0.844446296483264,0.170244910266508,0.716116313454904,0.382642671185004,0.039393370358804,3.11345019138968,56,4,35,24,25,144
DNMT3B,1-02266,other,No,20,31369161,C,T,1,0.896440539651194,0.116086805540986,0.347954657466732,0.67607421483922,0.0244805615307131,3.03655621749813,56,16,14,7,56,149
ZNF512B,1-00444,LVO,Yes,20,62591372,C,A,1,0.980459289203463,0.209287700453904,0.44800394282898,0.716526691708484,0.0658699723425396,3.35427762419483,56,65.5,48.5,20,58,248
ZNF512B,1-10003,CTD,Yes,20,62595177,CGA,C,1,0.980459289203463,0.209287700453904,0.315919172005914,0.426548014931977,0.0276514034841946,2.93221417659526,56,65.5,48.5,5,34,209
PATZ1,1-11613,other,No,22,31724828,C,CG,0.99,0.93203631355826,0.105311773964153,0.888122227698374,0.493396882812622,0.0425808275397487,3.40886719803341,40,34,13,47,53,187
GTSE1,1-01509,CTD,Unknown,22,46722495,CCT,C,0.045,0.910169693476429,0.154535203997645,0.462296697880729,0.31675442349867,0.000926842188197624,1.88875601885347,9.5,21,25,22,16,93.5
CCDC51,1-03310,CTD,Unknown,3,48474309,G,A,0.045,0.970582272552272,0.232492885367616,0.848693937900444,0.741273782969473,0.00638828490318739,2.83804287878981,9.5,64,60,28.5,63,225
SORBS2,1-04910,CTD,No,4,186598563,A,AT,0.09,0.808074667991028,1,0.130359783144406,0.2267979004644,0.00215018912539123,2.25523235159983,19.5,3,69,1,11,103.5
RBM27,1-04210,CTD,Yes,5,145631358,G,A,1,0.870817929402586,0.150402910871477,0.869886643666831,0.378404756958849,0.0431124649025021,3.26951224089974,56,10,24,37.5,22,149.5
NKX25,1-05124,HTX,No,5,172660401,AAGTC,A,0.86,0.5,0.170244910266508,0.878758008871365,0.0503754990263598,0.00324064344475441,2.45937841816423,30,1,35,44.5,4,114.5
NUP205,1-05281,LVO,Unknown,7,135282956,G,A,1,0.915211033907976,0.121999947890411,0.925579103006407,0.477888079609857,0.0493879080747695,3.44067816441465,56,23,16,59,46,200
NUP205,1-04317-03,LVO,Unknown,7,135330214,A,G,1,0.915211033907976,0.121999947890411,0.332676195170034,0.392586998811036,0.0145827198118221,2.76247417577946,56,23,16,6,27,128
NUP205,1-00976,other,No,7,135333304,A,C,1,0.915211033907976,0.121999947890411,0.869886643666831,0.215449581890036,0.0209261440651561,3.12254720735525,56,23,16,37.5,9,141.5
ACTB,1-06347,other,Yes,7,5568089,C,T,0.94,0.95403051589838,0.168020467432494,0.900936421882701,0.327382992041421,0.0444429180684863,3.290370397255,33,53,29,51,18,184
ACTB,1-06528,other,No,7,5568826,AG,A,0.94,0.95403051589838,0.168020467432494,0.835879743716116,0.458544785180705,0.0577534414342787,3.3564755122277,33,53,29,27,43,185
ACTB,1-05094,CTD,Unknown,7,5569212,G,A,0.94,0.95403051589838,0.168020467432494,0.350911779201577,0.320286396793448,0.0169351383482045,2.7332491593259,33,53,29,8,17,140
BAZ1B,1-00229,LVO,No,7,72858408,G,C,1,0.872683321611208,0.132463245127482,0.923114834894036,0.091448004496243,0.00975847670523888,3.01970940612897,56,11,18,56,5,146
GATA4,1-06752,CTD,No,8,11615886,GC,G,0.8,0.919046657799198,0.452909831476589,0.412025628388369,0.247981454772928,0.0340237931233099,2.83196357243708,27.5,32,64,10,13,146.5
GATA4,1-06752,CTD,No,8,11615889,TCTCCCGTCAG,T,0.8,0.919046657799198,0.452909831476589,0.301626416954165,0.479642624431336,0.0481755233125155,2.95322553066129,27.5,32,64,4,48,175.5
GATA4,1-13022,CTD,Unknown,8,11615935,G,A,0.8,0.919046657799198,0.452909831476589,0.434204041399704,1,0.14458830168221,3.60616053067549,27.5,32,64,14,69,206.5
TSC1,1-04798,LVO,No,9,135771808,C,A,1,0.936254528794889,0.212534670196807,0.89847215377033,0.169923542957448,0.0303795889371654,3.21718489571947,56,36,51,48,7,198
TSC1,1-03742,CTD (TGA),Unknown,9,135779103,G,A,1,0.936254528794889,0.212534670196807,0.869886643666831,0.388582458378879,0.0672619681598695,3.40725830103741,56,36,51,37.5,26,206.5
TSC1,1-05915,LVO,Unknown,9,135781073,GCTTT,G,1,0.936254528794889,0.212534670196807,1,0.456428343296599,0.09082310021268,3.60521754228829,56,36,51,67,42,252
EDF1,GT04006883,LVO,No,9,139758302,G,A,0.91,1,0.215476292332004,0.925579103006407,0.708957726595992,0.128669249363937,3.7600131219344,31,69,54,59,57,270
CHMP5,1-03890,LVO,Unknown,9,33266013,CA,C,0.26,0.939414377915721,0.214732186007515,0.916214884179399,0.396100132547635,0.019033998318592,2.72646158065027,21.5,44,53,54.5,29,202
