Gene,Blinded.ID,Cardiac.Category,NDD,CHR,POS,REF,ALT,pLI.Score,norm_mutperkb,specificity_score,phyloP,scaled.CADD,mult_score,add_score
TBX5,1-03626,other,No,12,114839630,C,T,0.99,0.93704325282159,0.654776992067977,0.994085756530311,0.466624489729087,0.281760183970667,4.04253049114897
GATA4,1-13022,CTD,Unknown,8,11615935,G,A,0.8,0.919046657799198,0.452909831476589,0.434204041399704,1,0.14458830168221,3.60616053067549
TBX5,1-05525,CTD,No,12,114832545,C,A,0.99,0.93704325282159,0.654776992067977,0.469689502217841,0.478853039807099,0.136615930761096,3.53036278691451
EDF1,GT04006883,LVO,No,9,139758302,G,A,0.91,1,0.215476292332004,0.925579103006407,0.708957726595992,0.128669249363937,3.7600131219344
TSC1,1-05915,LVO,Unknown,9,135781073,GCTTT,G,1,0.936254528794889,0.212534670196807,1,0.456428343296599,0.09082310021268,3.60521754228829
CHD4,1-05181,other,Yes,12,6692391,A,C,1,0.945773958352816,0.185227289815056,1,0.439184821194838,0.07693777912815,3.57018606936271
TSC1,1-03742,CTD (TGA),Unknown,9,135779103,G,A,1,0.936254528794889,0.212534670196807,0.869886643666831,0.388582458378879,0.0672619681598695,3.40725830103741
TBX5,1-07247,Other,No,12,114823356,A,G,0.99,0.93704325282159,0.654776992067977,0.260719566288812,0.418892052487995,0.0663382466439609,3.26143186366637
CCAR1,1-03120,LVO,No,10,70507317,CA,C,1,0.908191489035811,0.179919371523469,0.869886643666831,0.456408024191965,0.0648740911949486,3.41440552841808
KMT2A,1-10274,other,Yes,11,118368773,CA,C,1,0.898098726631635,0.170244910266508,0.869886643666831,0.486061094221266,0.0646475008345046,3.42429137478624
CHD4,GT04011733,LVO,Yes,12,6701645,C,A,1,0.945773958352816,0.185227289815056,0.884179398718581,0.403551523035256,0.0625074390897869,3.41873216992171
CHD4,1-08225,CTD,Unknown,12,6710648,C,T,1,0.945773958352816,0.185227289815056,0.869886643666831,0.406641999668187,0.0619679628118857,3.40752989150289
ACTB,1-06528,other,No,7,5568826,AG,A,0.94,0.95403051589838,0.168020467432494,0.835879743716116,0.458544785180705,0.0577534414342787,3.3564755122277
ARID1A,1-03581,CTD,Yes,1,27106423,G,C,1,0.869179401883963,0.15764002604195,0.934450468210941,0.429882222184083,0.0550404143708914,3.39115211832094
NUMA1,1-04719,CTD,Unknown,11,71721846,G,A,1,0.874852447522708,0.0764562197671828,1,0.809653192338475,0.0541560106632444,3.76096185962837
KMT2A,1-05551,CTD (TGA),No,11,118352674,G,T,1,0.898098726631635,0.170244910266508,0.869886643666831,0.381273498896554,0.0507104541612808,3.31950377946153
NUP205,1-05281,LVO,Unknown,7,135282956,G,A,1,0.915211033907976,0.121999947890411,0.925579103006407,0.477888079609857,0.0493879080747695,3.44067816441465
GATA4,1-06752,CTD,No,8,11615889,TCTCCCGTCAG,T,0.8,0.919046657799198,0.452909831476589,0.301626416954165,0.479642624431336,0.0481755233125155,2.95322553066129
ACTB,1-06347,other,Yes,7,5568089,C,T,0.94,0.95403051589838,0.168020467432494,0.900936421882701,0.327382992041421,0.0444429180684863,3.290370397255
RBM27,1-04210,CTD,Yes,5,145631358,G,A,1,0.870817929402586,0.150402910871477,0.869886643666831,0.378404756958849,0.0431124649025021,3.26951224089974
PATZ1,1-11613,other,No,22,31724828,C,CG,0.99,0.93203631355826,0.105311773964153,0.888122227698374,0.493396882812622,0.0425808275397487,3.40886719803341
ZNF638,1-02038,CTD,Unknown,2,71597100,G,A,1,0.844446296483264,0.170244910266508,0.716116313454904,0.382642671185004,0.039393370358804,3.11345019138968
GATA4,1-06752,CTD,No,8,11615886,GC,G,0.8,0.919046657799198,0.452909831476589,0.412025628388369,0.247981454772928,0.0340237931233099,2.83196357243708
TSC1,1-04798,LVO,No,9,135771808,C,A,1,0.936254528794889,0.212534670196807,0.89847215377033,0.169923542957448,0.0303795889371654,3.21718489571947
DNAJB1,1-02437,HTX,Unknown,19,14626809,GA,G,0.37,0.945240518725936,0.170244910266508,0.869886643666831,0.511390337693655,0.0264870365973617,2.86676241035293
DNMT3B,1-02266,other,No,20,31369161,C,T,1,0.896440539651194,0.116086805540986,0.347954657466732,0.67607421483922,0.0244805615307131,3.03655621749813
CCAR1,1-01987,LVO,No,10,70531022,A,G,1,0.908191489035811,0.179919371523469,0.428782651552489,0.332093670677816,0.0232676840101381,2.84898718278958
TCF12,1-02940,LVO,Yes,15,57545466,C,T,0.97,0.853958102618655,0.0382281098835914,0.869886643666831,0.789502854636928,0.0217474074293838,3.52157571080601
FAM98B,1-02430,other (AVC),No,15,38762592,C,T,0.39,0.940417125738963,0.174885213527453,0.461310990635781,0.731187714793156,0.0216352000674089,2.69780104469535
NUP205,1-00976,other,No,7,135333304,A,C,1,0.915211033907976,0.121999947890411,0.869886643666831,0.215449581890036,0.0209261440651561,3.12254720735525
CHMP5,1-03890,LVO,Unknown,9,33266013,CA,C,0.26,0.939414377915721,0.214732186007515,0.916214884179399,0.396100132547635,0.019033998318592,2.72646158065027
SENP1,1-04960,CTD,Unknown,12,48468578,T,A,0.99,0.883611537634187,0.166828276454548,0.293740758994579,0.427401614599454,0.0183217353972113,2.76158218768277
ACTB,1-05094,CTD,Unknown,7,5569212,G,A,0.94,0.95403051589838,0.168020467432494,0.350911779201577,0.320286396793448,0.0169351383482045,2.7332491593259
NUP205,1-04317-03,LVO,Unknown,7,135330214,A,G,1,0.915211033907976,0.121999947890411,0.332676195170034,0.392586998811036,0.0145827198118221,2.76247417577946
TCF12,1-06058,LVO,Yes,15,57555309,G,A,0.97,0.853958102618655,0.0382281098835914,0.925579103006407,0.469610707655232,0.0137639363376449,3.25737602316389
FAM98B,1-00853,CTD,Yes,15,38773662,T,C,0.39,0.940417125738963,0.174885213527453,0.427796944307541,0.430319181570138,0.0118077353719969,2.3634184651441
BAZ1B,1-00229,LVO,No,7,72858408,G,C,1,0.872683321611208,0.132463245127482,0.923114834894036,0.091448004496243,0.00975847670523888,3.01970940612897
TCF12,1-03077,other,Yes,15,57523399,GTTATCCA,G,0.97,0.853958102618655,0.0382281098835914,0.447018235584032,0.4827641715398,0.0068336289657507,2.79196861962608
MKNK1,1-05818,CTD (TGA),Unknown,1,47027279,A,T,0.045,0.886379103985333,0.223492876523587,0.869886643666831,0.598152224024639,0.00463842023655639,2.62291084820039
NUP88,1-00004,CTD (TGA),Unknown,17,5314065,AT,A,0.045,0.886550635271648,0.238134142763776,1,0.269926975505221,0.00256438964763956,2.43961175354065
DNMT3A,1-02641,other,Unknown,2,25469630,C,T,0.045,0.858261236489852,0.311574944140857,0.865943814687038,0.22165391198987,0.00230972168971845,2.30243390730762
SORBS2,1-04910,CTD,No,4,186598563,A,AT,0.09,0.808074667991028,1,0.130359783144406,0.2267979004644,0.00215018912539123,2.25523235159983
UTP14C,1-06937,other,No,13,52604139,A,C,0.045,0.9971476184425,0.170244910266508,0.869886643666831,0.011672339247771,7.7565156161236e-05,2.09395151162361
UTP14C,1-06937,other,No,13,52604123,C,G,0.045,0.9971476184425,0.170244910266508,0.869886643666831,0.0103768483727258,6.8956346059394e-05,2.09265602074856
